"ID","2008","2009","2010","2011","2012","2013","2014","2015","2016","2017","2018","2019","2020","2021","2022"
"egotistic_nymph","One year old","Two year old","Adult","Adult","Adult","Adult","Adult","Adult","Adult","Adult","Adult","Adult","Adult","Adult","Adult"
"ratlike_bluet","One year old","Two year old","Adult","Adult","Adult","Adult","Adult","Adult","Adult","Adult","Adult","Adult","Adult","Adult","Adult"
"relapsable_saiga","One year old","Two year old","Adult","Adult","Adult","Adult","Adult","Adult","Adult","Adult","Adult","Adult","Adult","Adult","Adult"
"incompetent_juliabutterfly","One year old","Two year old","Adult","Adult","Adult","Adult","Adult","Adult","Adult","Adult","Adult","Adult","Adult","Adult","Adult"
"feebleminded_pangolin","One year old","Two year old","Adult","Adult","Adult","Adult","Adult","Adult","Adult","Adult","Adult","Adult","Adult","Adult","Adult"
"emphatic_kakarikis","One year old","Two year old","Adult","Adult","Adult","Adult","Adult","Adult","Adult","Adult","Adult","Adult","Adult","Adult","Adult"
"nonnational_whooper","One year old","Two year old","Adult","Adult","Adult","Adult","Adult","Adult","Adult","Adult","Adult","Adult","Adult","Adult","Adult"
"invisible_nutria","One year old","Two year old","Adult","Adult","Adult","Adult","Adult","Adult","Adult","Adult","Adult","Adult","Adult","Adult","Adult"
"restorable_dogwoodtwigborer","One year old","Two year old","Adult","Adult","Adult","Adult","Adult","Adult","Adult","Adult","Adult","Adult","Adult","Adult","Adult"
"symmetrical_xenopterygii","One year old","Two year old","Adult","Adult","Adult","Adult","Adult","Adult","Adult","Adult","Adult","Adult","Adult","Adult","Adult"
"rattlebrained_komododragon","One year old","Two year old","Adult","Adult","Adult","Adult","Adult","Adult","Adult","Adult","Adult","Adult","Adult","Adult","Adult"
"socialist_uromastyxmaliensis",NA,"One year old","Two year old","Adult","Adult","Adult","Adult","Adult","Adult","Adult","Adult","Adult","Adult","Adult","Adult"
"hulkingsuperstrong_goldfinch",NA,"One year old","Two year old","Adult","Adult","Adult","Adult","Adult","Adult","Adult","Adult","Adult","Adult","Adult","Adult"
"slow_irishdraughthorse",NA,"One year old","Two year old","Adult","Adult","Adult","Adult","Adult","Adult","Adult","Adult","Adult","Adult","Adult","Adult"
"bioclimatological_blowfish",NA,"One year old","Two year old","Adult","Adult","Adult","Adult","Adult","Adult","Adult","Adult","Adult","Adult","Adult","Adult"
"coated_goldenretriever",NA,"One year old","Two year old","Adult","Adult","Adult","Adult","Adult","Adult","Adult","Adult","Adult","Adult","Adult","Adult"
"quasidesperate_sturgeon",NA,"One year old","Two year old","Adult","Adult","Adult","Adult","Adult","Adult","Adult","Adult","Adult","Adult","Adult","Adult"
"optometrical_iridescentshark",NA,NA,"One year old","Two year old","Adult","Adult","Adult","Adult","Adult","Adult","Adult","Adult","Adult","Adult","Adult"
"expressible_plover",NA,NA,"One year old","Two year old","Adult","Adult","Adult","Adult","Adult","Adult","Adult","Adult","Adult","Adult","Adult"
"exclusive_olingo",NA,NA,"One year old","Two year old","Adult","Adult","Adult","Adult","Adult","Adult","Adult","Adult","Adult","Adult","Adult"
"worrying_assassinbug",NA,NA,"One year old","Two year old","Adult","Adult","Adult","Adult","Adult","Adult","Adult","Adult","Adult","Adult","Adult"
"destructive_larva",NA,NA,"One year old","Two year old","Adult","Adult","Adult","Adult","Adult","Adult","Adult","Adult","Adult","Adult","Adult"
"plutonium_hoopoe",NA,NA,"One year old","Two year old","Adult","Adult","Adult","Adult","Adult","Adult","Adult","Adult","Adult","Adult","Adult"
"judgmental_bellfrog",NA,NA,"One year old","Two year old","Adult","Adult","Adult","Adult","Adult","Adult","Adult","Adult","Adult","Adult","Adult"
"intact_piglet",NA,NA,"One year old","Two year old","Adult","Adult","Adult","Adult","Adult","Adult","Adult","Adult","Adult","Adult","Adult"
"corrupted_gelada",NA,NA,"One year old","Two year old","Adult","Adult","Adult","Adult","Adult","Adult","Adult","Adult","Adult","Adult","Adult"
"verbose_wobbegongshark",NA,NA,"One year old","Two year old","Adult","Adult","Adult","Adult","Adult","Adult","Adult","Adult","Adult","Adult","Adult"
"leggy_quahog",NA,NA,"One year old","Two year old","Adult","Adult","Adult","Adult","Adult","Adult","Adult","Adult","Adult","Adult","Adult"
"curdy_honeybadger",NA,NA,"One year old","Two year old","Adult","Adult","Adult","Adult","Adult","Adult","Adult","Adult","Adult","Adult","Adult"
"stuffed_trex",NA,NA,"One year old","Two year old","Adult","Adult","Adult","Adult","Adult","Adult","Adult","Adult","Adult","Adult","Adult"
"declaratory_skua",NA,NA,"One year old","Two year old","Adult","Adult","Adult","Adult","Adult","Adult","Adult","Adult","Adult","Adult","Adult"
"reissuable_marten",NA,NA,"One year old","Two year old","Adult","Adult","Adult","Adult","Adult","Adult","Adult","Adult","Adult","Adult","Adult"
"unfaithful_honeyeater",NA,NA,"One year old","Two year old","Adult","Adult","Adult","Adult","Adult","Adult","Adult","Adult","Adult","Adult","Adult"
"criticisable_cavy",NA,NA,NA,"One year old","Two year old","Adult","Adult","Adult","Adult","Adult","Adult","Adult","Adult","Adult","Adult"
"catching_millipede",NA,NA,NA,"One year old","Two year old","Adult","Adult","Adult","Adult","Adult","Adult","Adult","Adult","Adult","Adult"
"semidry_ibisbill",NA,NA,NA,"One year old","Two year old","Adult","Adult","Adult","Adult","Adult","Adult","Adult","Adult","Adult","Adult"
"burlap_thoroughbred",NA,NA,NA,"One year old","Two year old","Adult","Adult","Adult","Adult","Adult","Adult","Adult","Adult","Adult","Adult"
"corrective_germanpinscher",NA,NA,NA,"One year old","Two year old","Adult","Adult","Adult","Adult","Adult","Adult","Adult","Adult","Adult","Adult"
"disinclined_dikkops",NA,NA,NA,"One year old","Two year old","Adult","Adult","Adult","Adult","Adult","Adult","Adult","Adult","Adult","Adult"
"airtight_indianpalmsquirrel",NA,NA,NA,NA,"One year old","Two year old","Adult","Adult","Adult","Adult","Adult","Adult","Adult","Adult","Adult"
"scathing_jaeger",NA,NA,NA,NA,"One year old","Two year old","Adult","Adult","Adult","Adult","Adult","Adult","Adult","Adult","Adult"
"fleece_bufeo",NA,NA,NA,NA,"One year old","Two year old","Adult","Adult","Adult","Adult","Adult","Adult","Adult","Adult","Adult"
"inexistent_americankestrel",NA,NA,NA,NA,"One year old","Two year old","Adult","Adult","Adult","Adult","Adult","Adult","Adult","Adult","Adult"
"aquatic_bee",NA,NA,NA,NA,"One year old","Two year old","Adult","Adult","Adult","Adult","Adult","Adult","Adult","Adult","Adult"
"seclusive_chimneyswift",NA,NA,NA,NA,"One year old","Two year old","Adult","Adult","Adult","Adult","Adult","Adult","Adult","Adult","Adult"
"urgent_garpike",NA,NA,NA,NA,"One year old","Two year old","Adult","Adult","Adult","Adult","Adult","Adult","Adult","Adult","Adult"
"brainsick_guernseycow",NA,NA,NA,NA,"One year old","Two year old","Adult","Adult","Adult","Adult","Adult","Adult","Adult","Adult","Adult"
"quelled_herald",NA,NA,NA,NA,NA,"One year old","Two year old","Adult","Adult","Adult","Adult","Adult","Adult","Adult","Adult"
"molecular_arcticfox",NA,NA,NA,NA,NA,"One year old","Two year old","Adult","Adult","Adult","Adult","Adult","Adult","Adult","Adult"
"carroty_schipperke",NA,NA,NA,NA,NA,"One year old","Two year old","Adult","Adult","Adult","Adult","Adult","Adult","Adult","Adult"
"pleasureseeking_hagfish",NA,NA,NA,NA,NA,"One year old","Two year old","Adult","Adult","Adult","Adult","Adult","Adult","Adult","Adult"
"unaesthetical_maggot",NA,NA,NA,NA,NA,"One year old","Two year old","Adult","Adult","Adult","Adult","Adult","Adult","Adult","Adult"
"turtleshell_davidstiger",NA,NA,NA,NA,NA,"One year old","Two year old","Adult","Adult","Adult","Adult","Adult","Adult","Adult","Adult"
"unritual_irishdraughthorse",NA,NA,NA,NA,NA,"One year old","Two year old","Adult","Adult","Adult","Adult","Adult","Adult","Adult","Adult"
"humourless_chuckwalla",NA,NA,NA,NA,NA,"One year old","Two year old","Adult","Adult","Adult","Adult","Adult","Adult","Adult","Adult"
"childish_hadrosaurus",NA,NA,NA,NA,NA,"One year old","Two year old","Adult","Adult","Adult","Adult","Adult","Adult","Adult","Adult"
"plastery_ninebandedarmadillo",NA,NA,NA,NA,NA,"One year old","Two year old","Adult","Adult","Adult","Adult","Adult","Adult","Adult","Adult"
"apidologic_amazondolphin",NA,NA,NA,NA,NA,"One year old","Two year old","Adult","Adult","Adult","Adult","Adult","Adult","Adult","Adult"
"masochistic_yosemitetoad",NA,NA,NA,NA,NA,NA,"One year old","Two year old","Adult","Adult","Adult","Adult","Adult","Adult","Adult"
"hessian_spotteddolphin",NA,NA,NA,NA,NA,NA,"One year old","Two year old","Adult","Adult","Adult","Adult","Adult","Adult","Adult"
"restoring_americancreamdraft",NA,NA,NA,NA,NA,NA,"One year old","Two year old","Adult","Adult","Adult","Adult","Adult","Adult","Adult"
"corked_hectorsdolphin",NA,NA,NA,NA,NA,NA,"One year old","Two year old","Adult","Adult","Adult","Adult","Adult","Adult","Adult"
"sweet_mayfly",NA,NA,NA,NA,NA,NA,"One year old","Two year old","Adult","Adult","Adult","Adult","Adult","Adult","Adult"
"derogatory_xenoposeidon",NA,NA,NA,NA,NA,NA,"One year old","Two year old","Adult","Adult","Adult","Adult","Adult","Adult","Adult"
"undishevelled_firecrest",NA,NA,NA,NA,NA,NA,"One year old","Two year old","Adult","Adult","Adult","Adult","Adult","Adult","Adult"
"unworldly_fireant",NA,NA,NA,NA,NA,NA,"One year old","Two year old","Adult","Adult","Adult","Adult","Adult","Adult","Adult"
"techy_ichneumonfly",NA,NA,NA,NA,NA,NA,"One year old","Two year old","Adult","Adult","Adult","Adult","Adult","Adult","Adult"
"intermetallic_fishingcat",NA,NA,NA,NA,NA,NA,"One year old","Two year old","Adult","Adult","Adult","Adult","Adult","Adult","Adult"
"endocrinological_zanzibardaygecko",NA,NA,NA,NA,NA,NA,"One year old","Two year old","Adult","Adult","Adult","Adult","Adult","Adult","Adult"
"abandoned_songbird",NA,NA,NA,NA,NA,NA,"One year old","Two year old","Adult","Adult","Adult","Adult","Adult","Adult","Adult"
"northeastern_flickertailsquirrel",NA,NA,NA,NA,NA,NA,"One year old","Two year old","Adult","Adult","Adult","Adult","Adult","Adult","Adult"
"recognized_irukandjijellyfish",NA,NA,NA,NA,NA,NA,"One year old","Two year old","Adult","Adult","Adult","Adult","Adult","Adult","Adult"
"swift_hart",NA,NA,NA,NA,NA,NA,"One year old","Two year old","Adult","Adult","Adult","Adult","Adult","Adult","Adult"
"rejoiceful_crustacean",NA,NA,NA,NA,NA,NA,"One year old","Two year old","Adult","Adult","Adult","Adult","Adult","Adult","Adult"
"extravertish_horse",NA,NA,NA,NA,NA,NA,NA,"One year old","Two year old","Adult","Adult","Adult","Adult","Adult","Adult"
"ambivalent_phalarope",NA,NA,NA,NA,NA,NA,NA,"One year old","Two year old","Adult","Adult","Adult","Adult","Adult","Adult"
"talented_amurminnow",NA,NA,NA,NA,NA,NA,NA,"One year old","Two year old","Adult","Adult","Adult","Adult","Adult","Adult"
"deadsmooth_adamsstaghornedbeetle",NA,NA,NA,NA,NA,NA,NA,"One year old","Two year old","Adult","Adult","Adult","Adult","Adult","Adult"
"gemological_saiga",NA,NA,NA,NA,NA,NA,NA,"One year old","Two year old","Adult","Adult","Adult","Adult","Adult","Adult"
"proagrarian_massospondylus",NA,NA,NA,NA,NA,NA,NA,"One year old","Two year old","Adult","Adult","Adult","Adult","Adult","Adult"
"slobbery_xiaosaurus",NA,NA,NA,NA,NA,NA,NA,"One year old","Two year old","Adult","Adult","Adult","Adult","Adult","Adult"
"carnivallike_mockingbird",NA,NA,NA,NA,NA,NA,NA,"One year old","Two year old","Adult","Adult","Adult","Adult","Adult","Adult"
"tired_pilchard",NA,NA,NA,NA,NA,NA,NA,"One year old","Two year old","Adult","Adult","Adult","Adult","Adult","Adult"
"fatherly_goldeneye",NA,NA,NA,NA,NA,NA,NA,NA,"One year old","Two year old","Adult","Adult","Adult","Adult","Adult"
"nonmetallurgic_arabianhorse",NA,NA,NA,NA,NA,NA,NA,NA,"One year old","Two year old","Adult","Adult","Adult","Adult","Adult"
"wageworking_jackal",NA,NA,NA,NA,NA,NA,NA,NA,"One year old","Two year old","Adult","Adult","Adult","Adult","Adult"
"enervated_xanclomys",NA,NA,NA,NA,NA,NA,NA,NA,NA,"One year old","Two year old","Adult","Adult","Adult","Adult"
"knotted_amethystgemclam",NA,NA,NA,NA,NA,NA,NA,NA,NA,"One year old","Two year old","Adult","Adult","Adult","Adult"
"kinglike_horsemouse",NA,NA,NA,NA,NA,NA,NA,NA,NA,"One year old","Two year old","Adult","Adult","Adult","Adult"
"proposed_bug",NA,NA,NA,NA,NA,NA,NA,NA,NA,"One year old","Two year old","Adult","Adult","Adult","Adult"
"allpurpose_nandu",NA,NA,NA,NA,NA,NA,NA,NA,NA,"One year old","Two year old","Adult","Adult","Adult","Adult"
"burnedout_asp",NA,NA,NA,NA,NA,NA,NA,NA,NA,"One year old","Two year old","Adult","Adult","Adult","Adult"
"pachydermoid_lemur",NA,NA,NA,NA,NA,NA,NA,NA,NA,"One year old","Two year old","Adult","Adult","Adult","Adult"
"cavalier_gallinule",NA,NA,NA,NA,NA,NA,NA,NA,NA,NA,"One year old","Two year old","Adult","Adult","Adult"
"brown_kagu",NA,NA,NA,NA,NA,NA,NA,NA,NA,NA,"One year old","Two year old","Adult","Adult","Adult"
"unaccepted_bluewhale",NA,NA,NA,NA,NA,NA,NA,NA,NA,NA,"One year old","Two year old","Adult","Adult","Adult"
"astronomical_xoloitzcuintli",NA,NA,NA,NA,NA,NA,NA,NA,NA,NA,"One year old","Two year old","Adult","Adult","Adult"
"maddening_vaquita",NA,NA,NA,NA,NA,NA,NA,NA,NA,NA,"One year old","Two year old","Adult","Adult","Adult"
"lexicographic_virginiaopossum",NA,NA,NA,NA,NA,NA,NA,NA,NA,NA,"One year old","Two year old","Adult","Adult","Adult"
"unsocial_tiger",NA,NA,NA,NA,NA,NA,NA,NA,NA,NA,"One year old","Two year old","Adult","Adult","Adult"
"cinnamonic_fantail",NA,NA,NA,NA,NA,NA,NA,NA,NA,NA,"One year old","Two year old","Adult","Adult","Adult"
"peristerophilic_azurevasesponge",NA,NA,NA,NA,NA,NA,NA,NA,NA,NA,"One year old","Two year old","Adult","Adult","Adult"
"ecclesiologic_rodent",NA,NA,NA,NA,NA,NA,NA,NA,NA,NA,"One year old","Two year old","Adult","Adult","Adult"
"diversifiable_quadrisectus",NA,NA,NA,NA,NA,NA,NA,NA,NA,NA,"One year old","Two year old","Adult","Adult","Adult"
"carboniferous_peafowl",NA,NA,NA,NA,NA,NA,NA,NA,NA,NA,NA,"One year old","Two year old","Adult","Adult"
"unostentatious_americanwarmblood",NA,NA,NA,NA,NA,NA,NA,NA,NA,NA,NA,"One year old","Two year old","Adult","Adult"
"psychotherapeutic_sealion",NA,NA,NA,NA,NA,NA,NA,NA,NA,NA,NA,"One year old","Two year old","Adult","Adult"
"spinal_nutcracker",NA,NA,NA,NA,NA,NA,NA,NA,NA,NA,NA,NA,"One year old","Two year old","Adult"
"proportional_snipe",NA,NA,NA,NA,NA,NA,NA,NA,NA,NA,NA,NA,"One year old","Two year old","Adult"
"truthful_americanbulldog",NA,NA,NA,NA,NA,NA,NA,NA,NA,NA,NA,NA,"One year old","Two year old","Adult"
"intangible_zethuswasp",NA,NA,NA,NA,NA,NA,NA,NA,NA,NA,NA,NA,"One year old","Two year old","Adult"
"unsuitable_crow",NA,NA,NA,NA,NA,NA,NA,NA,NA,NA,NA,NA,"One year old","Two year old","Adult"
"steamy_harborporpoise",NA,NA,NA,NA,NA,NA,NA,NA,NA,NA,NA,NA,NA,"One year old","Two year old"
"pseudoliberal_nuthatch",NA,NA,NA,NA,NA,NA,NA,NA,NA,NA,NA,NA,NA,"One year old","Two year old"
"noncrystalline_smew",NA,NA,NA,NA,NA,NA,NA,NA,NA,NA,NA,NA,NA,"One year old","Two year old"
"preliterary_tench",NA,NA,NA,NA,NA,NA,NA,NA,NA,NA,NA,NA,NA,"One year old","Two year old"
"crippling_hermitcrab",NA,NA,NA,NA,NA,NA,NA,NA,NA,NA,NA,NA,NA,"One year old","Two year old"
"temporary_killerwhale",NA,NA,NA,NA,NA,NA,NA,NA,NA,NA,NA,NA,NA,"One year old","Two year old"
"apidological_wildebeast",NA,NA,NA,NA,NA,NA,NA,NA,NA,NA,NA,NA,NA,NA,"One year old"
"unfashionable_muskox",NA,NA,NA,NA,NA,NA,NA,NA,NA,NA,NA,NA,NA,NA,"One year old"
"deformative_hydatidtapeworm",NA,NA,NA,NA,NA,NA,NA,NA,NA,NA,NA,NA,NA,NA,"One year old"
"safe_needletail",NA,NA,NA,NA,NA,NA,NA,NA,NA,NA,NA,NA,NA,NA,"One year old"
"costless_coypu",NA,NA,NA,NA,NA,NA,NA,NA,NA,NA,NA,NA,NA,NA,"One year old"
"undercoloured_iberianbarbel",NA,NA,NA,NA,NA,NA,NA,NA,NA,NA,NA,NA,NA,NA,"One year old"
"tasty_turnstone",NA,NA,NA,NA,NA,NA,NA,NA,NA,NA,NA,NA,NA,NA,"One year old"
"electrocardiographic_quinquespinosus","Two year old","Adult","Adult","Adult","Adult","Adult","Adult","Adult","Adult","Adult","Adult","Adult","Adult","Adult","Adult"
"grasslike_clingfish","Two year old","Adult","Adult","Adult","Adult","Adult","Adult","Adult","Adult","Adult","Adult","Adult","Adult","Adult","Adult"
"dampish_bedbug","Two year old","Adult","Adult","Adult","Adult","Adult","Adult","Adult","Adult","Adult","Adult","Adult","Adult","Adult","Adult"
"botchy_africanpiedkingfisher","Two year old","Adult","Adult","Adult","Adult","Adult","Adult","Adult","Adult","Adult","Adult","Adult","Adult","Adult","Adult"
"disprovable_xenotarsosaurus","Two year old","Adult","Adult","Adult","Adult","Adult","Adult","Adult","Adult","Adult","Adult","Adult","Adult","Adult","Adult"
"honeyful_mollies","Two year old","Adult","Adult","Adult","Adult","Adult","Adult","Adult","Adult","Adult","Adult","Adult","Adult","Adult","Adult"
"contemnible_galapagossealion","Two year old","Adult","Adult","Adult","Adult","Adult","Adult","Adult","Adult","Adult","Adult","Adult","Adult","Adult","Adult"
"imported_sheep",NA,"Two year old","Adult","Adult","Adult","Adult","Adult","Adult","Adult","Adult","Adult","Adult","Adult","Adult","Adult"
"elliptical_scarletibis",NA,NA,"Two year old","Adult","Adult","Adult","Adult","Adult","Adult","Adult","Adult","Adult","Adult","Adult","Adult"
"underweight_volvox",NA,NA,"Two year old","Adult","Adult","Adult","Adult","Adult","Adult","Adult","Adult","Adult","Adult","Adult","Adult"
"antimonarchal_caecilian",NA,NA,"Two year old","Adult","Adult","Adult","Adult","Adult","Adult","Adult","Adult","Adult","Adult","Adult","Adult"
"handy_iberianmole",NA,NA,"Two year old","Adult","Adult","Adult","Adult","Adult","Adult","Adult","Adult","Adult","Adult","Adult","Adult"
"humanitarian_billygoat",NA,NA,"Two year old","Adult","Adult","Adult","Adult","Adult","Adult","Adult","Adult","Adult","Adult","Adult","Adult"
"awestruck_americancrocodile",NA,NA,"Two year old","Adult","Adult","Adult","Adult","Adult","Adult","Adult","Adult","Adult","Adult","Adult","Adult"
"apothecial_chrysalis",NA,NA,"Two year old","Adult","Adult","Adult","Adult","Adult","Adult","Adult","Adult","Adult","Adult","Adult","Adult"
"wroughtiron_snoutbutterfly",NA,NA,"Two year old","Adult","Adult","Adult","Adult","Adult","Adult","Adult","Adult","Adult","Adult","Adult","Adult"
"irongrey_guineafowl",NA,NA,NA,"Two year old","Adult","Adult","Adult","Adult","Adult","Adult","Adult","Adult","Adult","Adult","Adult"
"unbeaten_blackrhino",NA,NA,NA,"Two year old","Adult","Adult","Adult","Adult","Adult","Adult","Adult","Adult","Adult","Adult","Adult"
"durative_amethystgemclam",NA,NA,NA,"Two year old","Adult","Adult","Adult","Adult","Adult","Adult","Adult","Adult","Adult","Adult","Adult"
"myopic_copepod",NA,NA,NA,"Two year old","Adult","Adult","Adult","Adult","Adult","Adult","Adult","Adult","Adult","Adult","Adult"
"chocolate_sunbear",NA,NA,NA,"Two year old","Adult","Adult","Adult","Adult","Adult","Adult","Adult","Adult","Adult","Adult","Adult"
"infinite_blobfish",NA,NA,NA,NA,"Two year old","Adult","Adult","Adult","Adult","Adult","Adult","Adult","Adult","Adult","Adult"
"mindful_vole",NA,NA,NA,NA,"Two year old","Adult","Adult","Adult","Adult","Adult","Adult","Adult","Adult","Adult","Adult"
"starred_hawaiianmonkseal",NA,NA,NA,NA,"Two year old","Adult","Adult","Adult","Adult","Adult","Adult","Adult","Adult","Adult","Adult"
"pseudomedical_fantail",NA,NA,NA,NA,"Two year old","Adult","Adult","Adult","Adult","Adult","Adult","Adult","Adult","Adult","Adult"
"ornithophobic_shibainu",NA,NA,NA,NA,"Two year old","Adult","Adult","Adult","Adult","Adult","Adult","Adult","Adult","Adult","Adult"
"sinking_anaconda",NA,NA,NA,NA,NA,"Two year old","Adult","Adult","Adult","Adult","Adult","Adult","Adult","Adult","Adult"
"cognisant_cottonmouth",NA,NA,NA,NA,NA,"Two year old","Adult","Adult","Adult","Adult","Adult","Adult","Adult","Adult","Adult"
"prespinal_beardeddragon",NA,NA,NA,NA,NA,"Two year old","Adult","Adult","Adult","Adult","Adult","Adult","Adult","Adult","Adult"
"quasiexistent_vireo",NA,NA,NA,NA,NA,"Two year old","Adult","Adult","Adult","Adult","Adult","Adult","Adult","Adult","Adult"
"unsleepy_isabellinewheatear",NA,NA,NA,NA,NA,"Two year old","Adult","Adult","Adult","Adult","Adult","Adult","Adult","Adult","Adult"
"untruthful_buzzard",NA,NA,NA,NA,NA,"Two year old","Adult","Adult","Adult","Adult","Adult","Adult","Adult","Adult","Adult"
"spontaneous_africanbushviper",NA,NA,NA,NA,NA,"Two year old","Adult","Adult","Adult","Adult","Adult","Adult","Adult","Adult","Adult"
"unlegal_horsemouse",NA,NA,NA,NA,NA,"Two year old","Adult","Adult","Adult","Adult","Adult","Adult","Adult","Adult","Adult"
"snaky_xeme",NA,NA,NA,NA,NA,"Two year old","Adult","Adult","Adult","Adult","Adult","Adult","Adult","Adult","Adult"
"perovskite_comet",NA,NA,NA,NA,NA,"Two year old","Adult","Adult","Adult","Adult","Adult","Adult","Adult","Adult","Adult"
"melissophobic_sunbear",NA,NA,NA,NA,NA,NA,"Two year old","Adult","Adult","Adult","Adult","Adult","Adult","Adult","Adult"
"dialectal_dogwoodclubgall",NA,NA,NA,NA,NA,NA,"Two year old","Adult","Adult","Adult","Adult","Adult","Adult","Adult","Adult"
"welldesired_dairycow",NA,NA,NA,NA,NA,NA,"Two year old","Adult","Adult","Adult","Adult","Adult","Adult","Adult","Adult"
"distinctive_curassow",NA,NA,NA,NA,NA,NA,"Two year old","Adult","Adult","Adult","Adult","Adult","Adult","Adult","Adult"
"handsome_grayreefshark",NA,NA,NA,NA,NA,NA,"Two year old","Adult","Adult","Adult","Adult","Adult","Adult","Adult","Adult"
"chronological_easternnewt",NA,NA,NA,NA,NA,NA,NA,"Two year old","Adult","Adult","Adult","Adult","Adult","Adult","Adult"
"parliamentary_inexpectatumpleco",NA,NA,NA,NA,NA,NA,NA,NA,"Two year old","Adult","Adult","Adult","Adult","Adult","Adult"
"seagoing_macaw",NA,NA,NA,NA,NA,NA,NA,NA,"Two year old","Adult","Adult","Adult","Adult","Adult","Adult"
"devotional_queenslandheeler",NA,NA,NA,NA,NA,NA,NA,NA,"Two year old","Adult","Adult","Adult","Adult","Adult","Adult"
"grotesque_dotterel",NA,NA,NA,NA,NA,NA,NA,NA,NA,"Two year old","Adult","Adult","Adult","Adult","Adult"
"industrialized_bluebreastedkookaburra",NA,NA,NA,NA,NA,NA,NA,NA,NA,"Two year old","Adult","Adult","Adult","Adult","Adult"
"novice_amphibian",NA,NA,NA,NA,NA,NA,NA,NA,NA,"Two year old","Adult","Adult","Adult","Adult","Adult"
"hemispheroidal_blesbok",NA,NA,NA,NA,NA,NA,NA,NA,NA,"Two year old","Adult","Adult","Adult","Adult","Adult"
"overdramatic_bushsqueaker",NA,NA,NA,NA,NA,NA,NA,NA,NA,"Two year old","Adult","Adult","Adult","Adult","Adult"
"detoxicant_babirusa",NA,NA,NA,NA,NA,NA,NA,NA,NA,"Two year old","Adult","Adult","Adult","Adult","Adult"
"disinherited_peacock",NA,NA,NA,NA,NA,NA,NA,NA,NA,"Two year old","Adult","Adult","Adult","Adult","Adult"
"metempsychosical_americanratsnake",NA,NA,NA,NA,NA,NA,NA,NA,NA,NA,"Two year old","Adult","Adult","Adult","Adult"
"exploitative_pterosaurs",NA,NA,NA,NA,NA,NA,NA,NA,NA,NA,"Two year old","Adult","Adult","Adult","Adult"
"simple_seal",NA,NA,NA,NA,NA,NA,NA,NA,NA,NA,"Two year old","Adult","Adult","Adult","Adult"
"itchy_deermouse",NA,NA,NA,NA,NA,NA,NA,NA,NA,NA,"Two year old","Adult","Adult","Adult","Adult"
"rectilinear_nighthawk",NA,NA,NA,NA,NA,NA,NA,NA,NA,NA,NA,"Two year old","Adult","Adult","Adult"
"prophetic_blacklemur",NA,NA,NA,NA,NA,NA,NA,NA,NA,NA,NA,"Two year old","Adult","Adult","Adult"
"dull_southernhairnosedwombat",NA,NA,NA,NA,NA,NA,NA,NA,NA,NA,NA,NA,"Two year old","Adult","Adult"
"imaginative_irishterrier",NA,NA,NA,NA,NA,NA,NA,NA,NA,NA,NA,NA,"Two year old","Adult","Adult"
"pseudopriestly_monkfish",NA,NA,NA,NA,NA,NA,NA,NA,NA,NA,NA,NA,"Two year old","Adult","Adult"
"exportable_xenarthra",NA,NA,NA,NA,NA,NA,NA,NA,NA,NA,NA,NA,"Two year old","Adult","Adult"
"honourless_ptarmigan",NA,NA,NA,NA,NA,NA,NA,NA,NA,NA,NA,NA,"Two year old","Adult","Adult"
"clinical_lemur",NA,NA,NA,NA,NA,NA,NA,NA,NA,NA,NA,NA,NA,"Two year old","Adult"
"decomposable_gharial",NA,NA,NA,NA,NA,NA,NA,NA,NA,NA,NA,NA,NA,"Two year old","Adult"
"sportsmanlike_swallowtailbutterfly",NA,NA,NA,NA,NA,NA,NA,NA,NA,NA,NA,NA,NA,"Two year old","Adult"
"scrummy_swallow",NA,NA,NA,NA,NA,NA,NA,NA,NA,NA,NA,NA,NA,"Two year old","Adult"
"dispensable_possum",NA,NA,NA,NA,NA,NA,NA,NA,NA,NA,NA,NA,NA,"Two year old","Adult"
"multinuclear_dolphin",NA,NA,NA,NA,NA,NA,NA,NA,NA,NA,NA,NA,NA,NA,"Two year old"
"nephelite_kingbird",NA,NA,NA,NA,NA,NA,NA,NA,NA,NA,NA,NA,NA,NA,"Two year old"
"ecclesiastical_atlanticspadefish",NA,NA,NA,NA,NA,NA,NA,NA,NA,NA,NA,NA,NA,NA,"Two year old"
"extravertish_oxpecker",NA,NA,NA,NA,NA,NA,NA,NA,NA,NA,NA,NA,NA,NA,"Two year old"
"wood_anura",NA,NA,NA,NA,NA,NA,NA,NA,NA,NA,NA,NA,NA,NA,"Two year old"
"bacterial_goat",NA,NA,NA,NA,NA,NA,NA,NA,NA,NA,NA,NA,NA,NA,"Two year old"
"floating_hyena",NA,NA,NA,NA,NA,NA,NA,NA,NA,NA,NA,NA,NA,NA,"Two year old"
"waspish_volvox","Adult","Adult","Adult","Adult","Adult","Adult","Adult","Adult","Adult","Adult","Adult","Adult","Adult","Adult","Adult"
"wholehearted_nabarlek","Adult","Adult","Adult","Adult","Adult","Adult","Adult","Adult","Adult","Adult","Adult","Adult","Adult","Adult","Adult"
"subspherical_nightcrawler","Adult","Adult","Adult","Adult","Adult","Adult","Adult","Adult","Adult","Adult","Adult","Adult","Adult","Adult","Adult"
"elephantine_worm","Adult","Adult","Adult","Adult","Adult","Adult","Adult","Adult","Adult","Adult","Adult","Adult","Adult","Adult","Adult"
"logical_azurevasesponge","Adult","Adult","Adult","Adult","Adult","Adult","Adult","Adult","Adult","Adult","Adult","Adult","Adult","Adult","Adult"
"splendorous_africanbushviper","Adult","Adult","Adult","Adult","Adult","Adult","Adult","Adult","Adult","Adult","Adult","Adult","Adult","Adult","Adult"
"drizzly_greendarnerdragonfly","Adult","Adult","Adult","Adult","Adult","Adult","Adult","Adult","Adult","Adult","Adult","Adult","Adult","Adult","Adult"
"deformed_dungbeetle","Adult","Adult","Adult","Adult","Adult","Adult","Adult","Adult","Adult","Adult","Adult","Adult","Adult","Adult","Adult"
"everyday_earwig","Adult","Adult","Adult","Adult","Adult","Adult","Adult","Adult","Adult","Adult","Adult","Adult","Adult","Adult","Adult"
"uncivil_irukandjijellyfish","Adult","Adult","Adult","Adult","Adult","Adult","Adult","Adult","Adult","Adult","Adult","Adult","Adult","Adult","Adult"
"sportive_leopardseal","Adult","Adult","Adult","Adult","Adult","Adult","Adult","Adult","Adult","Adult","Adult","Adult","Adult","Adult","Adult"
"asphalt_xenurine","Adult","Adult","Adult","Adult","Adult","Adult","Adult","Adult","Adult","Adult","Adult","Adult","Adult","Adult","Adult"
"undivined_dikdik","Adult","Adult","Adult","Adult","Adult","Adult","Adult","Adult","Adult","Adult","Adult","Adult","Adult","Adult","Adult"
"semimathematical_caudata","Adult","Adult","Adult","Adult","Adult","Adult","Adult","Adult","Adult","Adult","Adult","Adult","Adult","Adult","Adult"
"northwestern_madagascarhissingroach","Adult","Adult","Adult","Adult","Adult","Adult","Adult","Adult","Adult","Adult","Adult","Adult","Adult","Adult","Adult"
"overdramatic_purplemarten","Adult","Adult","Adult","Adult","Adult","Adult","Adult","Adult","Adult","Adult","Adult","Adult","Adult","Adult","Adult"
"extraterritorial_plankton","Adult","Adult","Adult","Adult","Adult","Adult","Adult","Adult","Adult","Adult","Adult","Adult","Adult","Adult","Adult"
"agreed_virginiaopossum","Adult","Adult","Adult","Adult","Adult","Adult","Adult","Adult","Adult","Adult","Adult","Adult","Adult","Adult","Adult"
"cleareyed_seamonkey","Adult","Adult","Adult","Adult","Adult","Adult","Adult","Adult","Adult","Adult","Adult","Adult","Adult","Adult","Adult"
"decayed_scarletibis","Adult","Adult","Adult","Adult","Adult","Adult","Adult","Adult","Adult","Adult","Adult","Adult","Adult","Adult","Adult"
"pennywise_killdeer","Adult","Adult","Adult","Adult","Adult","Adult","Adult","Adult","Adult","Adult","Adult","Adult","Adult","Adult","Adult"
"bloodshot_mongoose","Adult","Adult","Adult","Adult","Adult","Adult","Adult","Adult","Adult","Adult","Adult","Adult","Adult","Adult","Adult"
"breathtaking_chital","Adult","Adult","Adult","Adult","Adult","Adult","Adult","Adult","Adult","Adult","Adult","Adult","Adult","Adult","Adult"
"basaltine_hammerkop","Adult","Adult","Adult","Adult","Adult","Adult","Adult","Adult","Adult","Adult","Adult","Adult","Adult","Adult","Adult"
"tasty_peccary",NA,"Adult","Adult","Adult","Adult","Adult","Adult","Adult","Adult","Adult","Adult","Adult","Adult","Adult","Adult"
"cobwebby_shrew",NA,"Adult","Adult","Adult","Adult","Adult","Adult","Adult","Adult","Adult","Adult","Adult","Adult","Adult","Adult"
"crystalloidal_smelts",NA,"Adult","Adult","Adult","Adult","Adult","Adult","Adult","Adult","Adult","Adult","Adult","Adult","Adult","Adult"
"intradermal_carp",NA,"Adult","Adult","Adult","Adult","Adult","Adult","Adult","Adult","Adult","Adult","Adult","Adult","Adult","Adult"
"palaeophilic_alaskajingle",NA,"Adult","Adult","Adult","Adult","Adult","Adult","Adult","Adult","Adult","Adult","Adult","Adult","Adult","Adult"
"last_megalotomusquinquespinosus",NA,"Adult","Adult","Adult","Adult","Adult","Adult","Adult","Adult","Adult","Adult","Adult","Adult","Adult","Adult"
"pixyish_amazonparrot",NA,"Adult","Adult","Adult","Adult","Adult","Adult","Adult","Adult","Adult","Adult","Adult","Adult","Adult","Adult"
"downfallen_osprey",NA,"Adult","Adult","Adult","Adult","Adult","Adult","Adult","Adult","Adult","Adult","Adult","Adult","Adult","Adult"
"ambitious_purplemarten",NA,"Adult","Adult","Adult","Adult","Adult","Adult","Adult","Adult","Adult","Adult","Adult","Adult","Adult","Adult"
"hypoallergenic_andalusianhorse",NA,"Adult","Adult","Adult","Adult","Adult","Adult","Adult","Adult","Adult","Adult","Adult","Adult","Adult","Adult"
"anthophilic_upupa",NA,"Adult","Adult","Adult","Adult","Adult","Adult","Adult","Adult","Adult","Adult","Adult","Adult","Adult","Adult"
"gatherable_yosemitetoad",NA,"Adult","Adult","Adult","Adult","Adult","Adult","Adult","Adult","Adult","Adult","Adult","Adult","Adult","Adult"
"swinish_wallaroo",NA,"Adult","Adult","Adult","Adult","Adult","Adult","Adult","Adult","Adult","Adult","Adult","Adult","Adult","Adult"
"uncleaned_frigatebird",NA,"Adult","Adult","Adult","Adult","Adult","Adult","Adult","Adult","Adult","Adult","Adult","Adult","Adult","Adult"
"extrovert_bantamrooster",NA,"Adult","Adult","Adult","Adult","Adult","Adult","Adult","Adult","Adult","Adult","Adult","Adult","Adult","Adult"
"effaceable_woodcock",NA,"Adult","Adult","Adult","Adult","Adult","Adult","Adult","Adult","Adult","Adult","Adult","Adult","Adult","Adult"
"mysophobic_banteng",NA,"Adult","Adult","Adult","Adult","Adult","Adult","Adult","Adult","Adult","Adult","Adult","Adult","Adult","Adult"
"commonlaw_oxpecker",NA,"Adult","Adult","Adult","Adult","Adult","Adult","Adult","Adult","Adult","Adult","Adult","Adult","Adult","Adult"
"recidivistic_nag",NA,"Adult","Adult","Adult","Adult","Adult","Adult","Adult","Adult","Adult","Adult","Adult","Adult","Adult","Adult"
"quartzitic_lionfish",NA,"Adult","Adult","Adult","Adult","Adult","Adult","Adult","Adult","Adult","Adult","Adult","Adult","Adult","Adult"
"pancratic_watermoccasin",NA,"Adult","Adult","Adult","Adult","Adult","Adult","Adult","Adult","Adult","Adult","Adult","Adult","Adult","Adult"
"dwarfed_chrysalis",NA,"Adult","Adult","Adult","Adult","Adult","Adult","Adult","Adult","Adult","Adult","Adult","Adult","Adult","Adult"
"primitive_americanwirehair",NA,"Adult","Adult","Adult","Adult","Adult","Adult","Adult","Adult","Adult","Adult","Adult","Adult","Adult","Adult"
"inglorious_mussaurus",NA,"Adult","Adult","Adult","Adult","Adult","Adult","Adult","Adult","Adult","Adult","Adult","Adult","Adult","Adult"
"subversive_loris",NA,"Adult","Adult","Adult","Adult","Adult","Adult","Adult","Adult","Adult","Adult","Adult","Adult","Adult","Adult"
"cybernetic_stork",NA,"Adult","Adult","Adult","Adult","Adult","Adult","Adult","Adult","Adult","Adult","Adult","Adult","Adult","Adult"
"diamantiferous_cony",NA,"Adult","Adult","Adult","Adult","Adult","Adult","Adult","Adult","Adult","Adult","Adult","Adult","Adult","Adult"
"objective_dowitcher",NA,"Adult","Adult","Adult","Adult","Adult","Adult","Adult","Adult","Adult","Adult","Adult","Adult","Adult","Adult"
"contrived_laughingthrush",NA,"Adult","Adult","Adult","Adult","Adult","Adult","Adult","Adult","Adult","Adult","Adult","Adult","Adult","Adult"
"uncontradictive_duck",NA,NA,"Adult","Adult","Adult","Adult","Adult","Adult","Adult","Adult","Adult","Adult","Adult","Adult","Adult"
"fungicidal_blackfish",NA,NA,"Adult","Adult","Adult","Adult","Adult","Adult","Adult","Adult","Adult","Adult","Adult","Adult","Adult"
"seismological_snowleopard",NA,NA,"Adult","Adult","Adult","Adult","Adult","Adult","Adult","Adult","Adult","Adult","Adult","Adult","Adult"
"fungicidal_herald",NA,NA,"Adult","Adult","Adult","Adult","Adult","Adult","Adult","Adult","Adult","Adult","Adult","Adult","Adult"
"mammoth_janenschia",NA,NA,"Adult","Adult","Adult","Adult","Adult","Adult","Adult","Adult","Adult","Adult","Adult","Adult","Adult"
"fillable_billygoat",NA,NA,"Adult","Adult","Adult","Adult","Adult","Adult","Adult","Adult","Adult","Adult","Adult","Adult","Adult"
"wolflike_guppy",NA,NA,"Adult","Adult","Adult","Adult","Adult","Adult","Adult","Adult","Adult","Adult","Adult","Adult","Adult"
"reincarnating_gossamerwingedbutterfly",NA,NA,"Adult","Adult","Adult","Adult","Adult","Adult","Adult","Adult","Adult","Adult","Adult","Adult","Adult"
"ostentatious_taruca",NA,NA,"Adult","Adult","Adult","Adult","Adult","Adult","Adult","Adult","Adult","Adult","Adult","Adult","Adult"
"intrapsychic_italiangreyhound",NA,NA,"Adult","Adult","Adult","Adult","Adult","Adult","Adult","Adult","Adult","Adult","Adult","Adult","Adult"
"energistic_irishredandwhitesetter",NA,NA,"Adult","Adult","Adult","Adult","Adult","Adult","Adult","Adult","Adult","Adult","Adult","Adult","Adult"
"antioptimistic_hermitcrab",NA,NA,"Adult","Adult","Adult","Adult","Adult","Adult","Adult","Adult","Adult","Adult","Adult","Adult","Adult"
"tedious_africanwildcat",NA,NA,"Adult","Adult","Adult","Adult","Adult","Adult","Adult","Adult","Adult","Adult","Adult","Adult","Adult"
"lackadaisical_arabianwildcat",NA,NA,"Adult","Adult","Adult","Adult","Adult","Adult","Adult","Adult","Adult","Adult","Adult","Adult","Adult"
"gastrovascular_cockerspaniel",NA,NA,"Adult","Adult","Adult","Adult","Adult","Adult","Adult","Adult","Adult","Adult","Adult","Adult","Adult"
"ticklish_shibainu",NA,NA,"Adult","Adult","Adult","Adult","Adult","Adult","Adult","Adult","Adult","Adult","Adult","Adult","Adult"
"sibling_harlequinbug",NA,NA,"Adult","Adult","Adult","Adult","Adult","Adult","Adult","Adult","Adult","Adult","Adult","Adult","Adult"
"waterrepellent_muskrat",NA,NA,"Adult","Adult","Adult","Adult","Adult","Adult","Adult","Adult","Adult","Adult","Adult","Adult","Adult"
"organometallic_electriceel",NA,NA,"Adult","Adult","Adult","Adult","Adult","Adult","Adult","Adult","Adult","Adult","Adult","Adult","Adult"
"hexakosioihexekontahexaphobic_germanshepherd",NA,NA,"Adult","Adult","Adult","Adult","Adult","Adult","Adult","Adult","Adult","Adult","Adult","Adult","Adult"
"paleological_nauplius",NA,NA,"Adult","Adult","Adult","Adult","Adult","Adult","Adult","Adult","Adult","Adult","Adult","Adult","Adult"
"naval_atlanticridleyturtle",NA,NA,"Adult","Adult","Adult","Adult","Adult","Adult","Adult","Adult","Adult","Adult","Adult","Adult","Adult"
"unlikely_irishterrier",NA,NA,"Adult","Adult","Adult","Adult","Adult","Adult","Adult","Adult","Adult","Adult","Adult","Adult","Adult"
"tangible_intermediateegret",NA,NA,"Adult","Adult","Adult","Adult","Adult","Adult","Adult","Adult","Adult","Adult","Adult","Adult","Adult"
"exterior_imperialeagle",NA,NA,"Adult","Adult","Adult","Adult","Adult","Adult","Adult","Adult","Adult","Adult","Adult","Adult","Adult"
"hallucinatory_dugong",NA,NA,"Adult","Adult","Adult","Adult","Adult","Adult","Adult","Adult","Adult","Adult","Adult","Adult","Adult"
"disintegrative_atlanticblackgoby",NA,NA,NA,"Adult","Adult","Adult","Adult","Adult","Adult","Adult","Adult","Adult","Adult","Adult","Adult"
"legatine_conch",NA,NA,NA,"Adult","Adult","Adult","Adult","Adult","Adult","Adult","Adult","Adult","Adult","Adult","Adult"
"remorseless_meadowlark",NA,NA,NA,"Adult","Adult","Adult","Adult","Adult","Adult","Adult","Adult","Adult","Adult","Adult","Adult"
"betrothed_erne",NA,NA,NA,"Adult","Adult","Adult","Adult","Adult","Adult","Adult","Adult","Adult","Adult","Adult","Adult"
"complementary_nerka",NA,NA,NA,"Adult","Adult","Adult","Adult","Adult","Adult","Adult","Adult","Adult","Adult","Adult","Adult"
"electrosensitive_brocketdeer",NA,NA,NA,"Adult","Adult","Adult","Adult","Adult","Adult","Adult","Adult","Adult","Adult","Adult","Adult"
"ferriferous_roan",NA,NA,NA,"Adult","Adult","Adult","Adult","Adult","Adult","Adult","Adult","Adult","Adult","Adult","Adult"
"cavalier_bedbug",NA,NA,NA,"Adult","Adult","Adult","Adult","Adult","Adult","Adult","Adult","Adult","Adult","Adult","Adult"
"chilly_cornsnake",NA,NA,NA,"Adult","Adult","Adult","Adult","Adult","Adult","Adult","Adult","Adult","Adult","Adult","Adult"
"unritualistic_takin",NA,NA,NA,"Adult","Adult","Adult","Adult","Adult","Adult","Adult","Adult","Adult","Adult","Adult","Adult"
"cocoa_germanspitz",NA,NA,NA,"Adult","Adult","Adult","Adult","Adult","Adult","Adult","Adult","Adult","Adult","Adult","Adult"
"hyperritualistic_sunbittern",NA,NA,NA,"Adult","Adult","Adult","Adult","Adult","Adult","Adult","Adult","Adult","Adult","Adult","Adult"
"busy_wryneck",NA,NA,NA,"Adult","Adult","Adult","Adult","Adult","Adult","Adult","Adult","Adult","Adult","Adult","Adult"
"festive_seal",NA,NA,NA,"Adult","Adult","Adult","Adult","Adult","Adult","Adult","Adult","Adult","Adult","Adult","Adult"
"circumfluent_taruca",NA,NA,NA,"Adult","Adult","Adult","Adult","Adult","Adult","Adult","Adult","Adult","Adult","Adult","Adult"
"existent_danishswedishfarmdog",NA,NA,NA,"Adult","Adult","Adult","Adult","Adult","Adult","Adult","Adult","Adult","Adult","Adult","Adult"
"protactium_arkshell",NA,NA,NA,"Adult","Adult","Adult","Adult","Adult","Adult","Adult","Adult","Adult","Adult","Adult","Adult"
"journalistic_crownofthornsstarfish",NA,NA,NA,"Adult","Adult","Adult","Adult","Adult","Adult","Adult","Adult","Adult","Adult","Adult","Adult"
"demographical_alaskankleekai",NA,NA,NA,"Adult","Adult","Adult","Adult","Adult","Adult","Adult","Adult","Adult","Adult","Adult","Adult"
"floriated_neonrainbowfish",NA,NA,NA,"Adult","Adult","Adult","Adult","Adult","Adult","Adult","Adult","Adult","Adult","Adult","Adult"
"running_indianelephant",NA,NA,NA,"Adult","Adult","Adult","Adult","Adult","Adult","Adult","Adult","Adult","Adult","Adult","Adult"
"soupy_goral",NA,NA,NA,"Adult","Adult","Adult","Adult","Adult","Adult","Adult","Adult","Adult","Adult","Adult","Adult"
"paleopsychological_octopus",NA,NA,NA,NA,"Adult","Adult","Adult","Adult","Adult","Adult","Adult","Adult","Adult","Adult","Adult"
"socialized_akitainu",NA,NA,NA,NA,"Adult","Adult","Adult","Adult","Adult","Adult","Adult","Adult","Adult","Adult","Adult"
"magnesial_siamesecat",NA,NA,NA,NA,"Adult","Adult","Adult","Adult","Adult","Adult","Adult","Adult","Adult","Adult","Adult"
"virtuous_ekaltadeta",NA,NA,NA,NA,"Adult","Adult","Adult","Adult","Adult","Adult","Adult","Adult","Adult","Adult","Adult"
"unbefriended_fugu",NA,NA,NA,NA,"Adult","Adult","Adult","Adult","Adult","Adult","Adult","Adult","Adult","Adult","Adult"
"inept_icelandichorse",NA,NA,NA,NA,"Adult","Adult","Adult","Adult","Adult","Adult","Adult","Adult","Adult","Adult","Adult"
"coeducational_equine",NA,NA,NA,NA,"Adult","Adult","Adult","Adult","Adult","Adult","Adult","Adult","Adult","Adult","Adult"
"lemonish_leafwing",NA,NA,NA,NA,"Adult","Adult","Adult","Adult","Adult","Adult","Adult","Adult","Adult","Adult","Adult"
"clotty_gelada",NA,NA,NA,NA,"Adult","Adult","Adult","Adult","Adult","Adult","Adult","Adult","Adult","Adult","Adult"
"laissezfaire_flyingsquirrel",NA,NA,NA,NA,"Adult","Adult","Adult","Adult","Adult","Adult","Adult","Adult","Adult","Adult","Adult"
"hulky_dog",NA,NA,NA,NA,"Adult","Adult","Adult","Adult","Adult","Adult","Adult","Adult","Adult","Adult","Adult"
"disordered_hookersealion",NA,NA,NA,NA,"Adult","Adult","Adult","Adult","Adult","Adult","Adult","Adult","Adult","Adult","Adult"
"anxious_tenrec",NA,NA,NA,NA,"Adult","Adult","Adult","Adult","Adult","Adult","Adult","Adult","Adult","Adult","Adult"
"portrayable_grebe",NA,NA,NA,NA,"Adult","Adult","Adult","Adult","Adult","Adult","Adult","Adult","Adult","Adult","Adult"
"dissentious_aurochs",NA,NA,NA,NA,"Adult","Adult","Adult","Adult","Adult","Adult","Adult","Adult","Adult","Adult","Adult"
"coal_nightingale",NA,NA,NA,NA,"Adult","Adult","Adult","Adult","Adult","Adult","Adult","Adult","Adult","Adult","Adult"
"undereducated_solenodon",NA,NA,NA,NA,"Adult","Adult","Adult","Adult","Adult","Adult","Adult","Adult","Adult","Adult","Adult"
"incapable_stoat",NA,NA,NA,NA,"Adult","Adult","Adult","Adult","Adult","Adult","Adult","Adult","Adult","Adult","Adult"
"blithe_yorkshireterrier",NA,NA,NA,NA,"Adult","Adult","Adult","Adult","Adult","Adult","Adult","Adult","Adult","Adult","Adult"
"tweedy_sloth",NA,NA,NA,NA,"Adult","Adult","Adult","Adult","Adult","Adult","Adult","Adult","Adult","Adult","Adult"
"graminivorous_indianspinyloach",NA,NA,NA,NA,"Adult","Adult","Adult","Adult","Adult","Adult","Adult","Adult","Adult","Adult","Adult"
"diverse_arabianoryx",NA,NA,NA,NA,"Adult","Adult","Adult","Adult","Adult","Adult","Adult","Adult","Adult","Adult","Adult"
"atmospheric_virginiaopossum",NA,NA,NA,NA,"Adult","Adult","Adult","Adult","Adult","Adult","Adult","Adult","Adult","Adult","Adult"
"semiparalysis_drever",NA,NA,NA,NA,"Adult","Adult","Adult","Adult","Adult","Adult","Adult","Adult","Adult","Adult","Adult"
"antinationalisation_yellowjacket",NA,NA,NA,NA,"Adult","Adult","Adult","Adult","Adult","Adult","Adult","Adult","Adult","Adult","Adult"
"lionly_nene",NA,NA,NA,NA,NA,"Adult","Adult","Adult","Adult","Adult","Adult","Adult","Adult","Adult","Adult"
"derelict_riograndeescuerzo",NA,NA,NA,NA,NA,"Adult","Adult","Adult","Adult","Adult","Adult","Adult","Adult","Adult","Adult"
"dodecagonal_argentinehornedfrog",NA,NA,NA,NA,NA,"Adult","Adult","Adult","Adult","Adult","Adult","Adult","Adult","Adult","Adult"
"catchy_africanclawedfrog",NA,NA,NA,NA,NA,"Adult","Adult","Adult","Adult","Adult","Adult","Adult","Adult","Adult","Adult"
"overdry_americanratsnake",NA,NA,NA,NA,NA,"Adult","Adult","Adult","Adult","Adult","Adult","Adult","Adult","Adult","Adult"
"hot_blackrussianterrier",NA,NA,NA,NA,NA,"Adult","Adult","Adult","Adult","Adult","Adult","Adult","Adult","Adult","Adult"
"pristine_asiaticgreaterfreshwaterclam",NA,NA,NA,NA,NA,"Adult","Adult","Adult","Adult","Adult","Adult","Adult","Adult","Adult","Adult"
"lawrencium_mite",NA,NA,NA,NA,NA,"Adult","Adult","Adult","Adult","Adult","Adult","Adult","Adult","Adult","Adult"
"contusioned_opossum",NA,NA,NA,NA,NA,"Adult","Adult","Adult","Adult","Adult","Adult","Adult","Adult","Adult","Adult"
"typical_maiasaura",NA,NA,NA,NA,NA,"Adult","Adult","Adult","Adult","Adult","Adult","Adult","Adult","Adult","Adult"
"cloistered_egg",NA,NA,NA,NA,NA,"Adult","Adult","Adult","Adult","Adult","Adult","Adult","Adult","Adult","Adult"
"blocky_ladybird",NA,NA,NA,NA,NA,"Adult","Adult","Adult","Adult","Adult","Adult","Adult","Adult","Adult","Adult"
"weaponed_armyant",NA,NA,NA,NA,NA,"Adult","Adult","Adult","Adult","Adult","Adult","Adult","Adult","Adult","Adult"
"giveable_piranha",NA,NA,NA,NA,NA,"Adult","Adult","Adult","Adult","Adult","Adult","Adult","Adult","Adult","Adult"
"rattish_arcticseal",NA,NA,NA,NA,NA,"Adult","Adult","Adult","Adult","Adult","Adult","Adult","Adult","Adult","Adult"
"toxophilic_grouse",NA,NA,NA,NA,NA,"Adult","Adult","Adult","Adult","Adult","Adult","Adult","Adult","Adult","Adult"
"archaistic_australiancurlew",NA,NA,NA,NA,NA,"Adult","Adult","Adult","Adult","Adult","Adult","Adult","Adult","Adult","Adult"
"gunmetal_vipersquid",NA,NA,NA,NA,NA,"Adult","Adult","Adult","Adult","Adult","Adult","Adult","Adult","Adult","Adult"
"trogonoid_grayfox",NA,NA,NA,NA,NA,"Adult","Adult","Adult","Adult","Adult","Adult","Adult","Adult","Adult","Adult"
"commonlaw_angelwingmussel",NA,NA,NA,NA,NA,"Adult","Adult","Adult","Adult","Adult","Adult","Adult","Adult","Adult","Adult"
"spherelike_ferret",NA,NA,NA,NA,NA,"Adult","Adult","Adult","Adult","Adult","Adult","Adult","Adult","Adult","Adult"
"deistic_alaskajingle",NA,NA,NA,NA,NA,"Adult","Adult","Adult","Adult","Adult","Adult","Adult","Adult","Adult","Adult"
"cementitious_cirriped",NA,NA,NA,NA,NA,"Adult","Adult","Adult","Adult","Adult","Adult","Adult","Adult","Adult","Adult"
"remorseless_monoclonius",NA,NA,NA,NA,NA,"Adult","Adult","Adult","Adult","Adult","Adult","Adult","Adult","Adult","Adult"
"unoperatable_giantschnauzer",NA,NA,NA,NA,NA,"Adult","Adult","Adult","Adult","Adult","Adult","Adult","Adult","Adult","Adult"
"theocratical_oxen",NA,NA,NA,NA,NA,NA,"Adult","Adult","Adult","Adult","Adult","Adult","Adult","Adult","Adult"
"bureaucratic_jaeger",NA,NA,NA,NA,NA,NA,"Adult","Adult","Adult","Adult","Adult","Adult","Adult","Adult","Adult"
"semantic_bordercollie",NA,NA,NA,NA,NA,NA,"Adult","Adult","Adult","Adult","Adult","Adult","Adult","Adult","Adult"
"egotistic_globefish",NA,NA,NA,NA,NA,NA,"Adult","Adult","Adult","Adult","Adult","Adult","Adult","Adult","Adult"
"irascible_grison",NA,NA,NA,NA,NA,NA,"Adult","Adult","Adult","Adult","Adult","Adult","Adult","Adult","Adult"
"paleogeologic_binturong",NA,NA,NA,NA,NA,NA,"Adult","Adult","Adult","Adult","Adult","Adult","Adult","Adult","Adult"
"aweinspiring_duckbillplatypus",NA,NA,NA,NA,NA,NA,"Adult","Adult","Adult","Adult","Adult","Adult","Adult","Adult","Adult"
"gastric_baleenwhale",NA,NA,NA,NA,NA,NA,"Adult","Adult","Adult","Adult","Adult","Adult","Adult","Adult","Adult"
"itching_brontosaurus",NA,NA,NA,NA,NA,NA,"Adult","Adult","Adult","Adult","Adult","Adult","Adult","Adult","Adult"
"kinesthetic_harpseal",NA,NA,NA,NA,NA,NA,"Adult","Adult","Adult","Adult","Adult","Adult","Adult","Adult","Adult"
"publicized_indianelephant",NA,NA,NA,NA,NA,NA,"Adult","Adult","Adult","Adult","Adult","Adult","Adult","Adult","Adult"
"ailurophobic_arachnid",NA,NA,NA,NA,NA,NA,"Adult","Adult","Adult","Adult","Adult","Adult","Adult","Adult","Adult"
"sheer_umbrette",NA,NA,NA,NA,NA,NA,"Adult","Adult","Adult","Adult","Adult","Adult","Adult","Adult","Adult"
"radiation_iberianemeraldlizard",NA,NA,NA,NA,NA,NA,"Adult","Adult","Adult","Adult","Adult","Adult","Adult","Adult","Adult"
"surprising_isabellineshrike",NA,NA,NA,NA,NA,NA,"Adult","Adult","Adult","Adult","Adult","Adult","Adult","Adult","Adult"
"womanish_indianabat",NA,NA,NA,NA,NA,NA,"Adult","Adult","Adult","Adult","Adult","Adult","Adult","Adult","Adult"
"superdivine_yellowbellylizard",NA,NA,NA,NA,NA,NA,"Adult","Adult","Adult","Adult","Adult","Adult","Adult","Adult","Adult"
"intact_brant",NA,NA,NA,NA,NA,NA,"Adult","Adult","Adult","Adult","Adult","Adult","Adult","Adult","Adult"
"wrinkleless_bushsqueaker",NA,NA,NA,NA,NA,NA,"Adult","Adult","Adult","Adult","Adult","Adult","Adult","Adult","Adult"
"retouchable_germanspitz",NA,NA,NA,NA,NA,NA,"Adult","Adult","Adult","Adult","Adult","Adult","Adult","Adult","Adult"
"murky_jerboa",NA,NA,NA,NA,NA,NA,"Adult","Adult","Adult","Adult","Adult","Adult","Adult","Adult","Adult"
"famished_vulpesvulpes",NA,NA,NA,NA,NA,NA,"Adult","Adult","Adult","Adult","Adult","Adult","Adult","Adult","Adult"
"astrapophobic_tadpole",NA,NA,NA,NA,NA,NA,"Adult","Adult","Adult","Adult","Adult","Adult","Adult","Adult","Adult"
"emptyheaded_grebe",NA,NA,NA,NA,NA,NA,"Adult","Adult","Adult","Adult","Adult","Adult","Adult","Adult","Adult"
"scribophobic_diplodocus",NA,NA,NA,NA,NA,NA,"Adult","Adult","Adult","Adult","Adult","Adult","Adult","Adult","Adult"
"fleecy_ekaltadeta",NA,NA,NA,NA,NA,NA,"Adult","Adult","Adult","Adult","Adult","Adult","Adult","Adult","Adult"
"astral_africanaugurbuzzard",NA,NA,NA,NA,NA,NA,"Adult","Adult","Adult","Adult","Adult","Adult","Adult","Adult","Adult"
"petalled_hermitcrab",NA,NA,NA,NA,NA,NA,"Adult","Adult","Adult","Adult","Adult","Adult","Adult","Adult","Adult"
"constellatory_armyant",NA,NA,NA,NA,NA,NA,"Adult","Adult","Adult","Adult","Adult","Adult","Adult","Adult","Adult"
"charcoaly_wildebeast",NA,NA,NA,NA,NA,NA,"Adult","Adult","Adult","Adult","Adult","Adult","Adult","Adult","Adult"
"astraphobic_harpyeagle",NA,NA,NA,NA,NA,NA,"Adult","Adult","Adult","Adult","Adult","Adult","Adult","Adult","Adult"
"abusive_falcon",NA,NA,NA,NA,NA,NA,"Adult","Adult","Adult","Adult","Adult","Adult","Adult","Adult","Adult"
"talented_mantisray",NA,NA,NA,NA,NA,NA,"Adult","Adult","Adult","Adult","Adult","Adult","Adult","Adult","Adult"
"conspiratorial_achillestang",NA,NA,NA,NA,NA,NA,"Adult","Adult","Adult","Adult","Adult","Adult","Adult","Adult","Adult"
"subhedral_termite",NA,NA,NA,NA,NA,NA,"Adult","Adult","Adult","Adult","Adult","Adult","Adult","Adult","Adult"
"translunar_orca",NA,NA,NA,NA,NA,NA,NA,"Adult","Adult","Adult","Adult","Adult","Adult","Adult","Adult"
"unprotected_kingfisher",NA,NA,NA,NA,NA,NA,NA,"Adult","Adult","Adult","Adult","Adult","Adult","Adult","Adult"
"linear_egg",NA,NA,NA,NA,NA,NA,NA,"Adult","Adult","Adult","Adult","Adult","Adult","Adult","Adult"
"encyclopaedic_mamenchisaurus",NA,NA,NA,NA,NA,NA,NA,"Adult","Adult","Adult","Adult","Adult","Adult","Adult","Adult"
"murderous_quoll",NA,NA,NA,NA,NA,NA,NA,"Adult","Adult","Adult","Adult","Adult","Adult","Adult","Adult"
"angular_turaco",NA,NA,NA,NA,NA,NA,NA,"Adult","Adult","Adult","Adult","Adult","Adult","Adult","Adult"
"subtrapezoidal_caiman",NA,NA,NA,NA,NA,NA,NA,"Adult","Adult","Adult","Adult","Adult","Adult","Adult","Adult"
"hypersthene_vipersquid",NA,NA,NA,NA,NA,NA,NA,"Adult","Adult","Adult","Adult","Adult","Adult","Adult","Adult"
"codependent_buck",NA,NA,NA,NA,NA,NA,NA,"Adult","Adult","Adult","Adult","Adult","Adult","Adult","Adult"
"ungeometric_northernpike",NA,NA,NA,NA,NA,NA,NA,"Adult","Adult","Adult","Adult","Adult","Adult","Adult","Adult"
"zealous_crow",NA,NA,NA,NA,NA,NA,NA,"Adult","Adult","Adult","Adult","Adult","Adult","Adult","Adult"
"lost_sphinx",NA,NA,NA,NA,NA,NA,NA,"Adult","Adult","Adult","Adult","Adult","Adult","Adult","Adult"
"allpowerful_kakapo",NA,NA,NA,NA,NA,NA,NA,"Adult","Adult","Adult","Adult","Adult","Adult","Adult","Adult"
"crustaceous_alleycat",NA,NA,NA,NA,NA,NA,NA,"Adult","Adult","Adult","Adult","Adult","Adult","Adult","Adult"
"rockfaced_grayfox",NA,NA,NA,NA,NA,NA,NA,"Adult","Adult","Adult","Adult","Adult","Adult","Adult","Adult"
"comely_atlanticridleyturtle",NA,NA,NA,NA,NA,NA,NA,"Adult","Adult","Adult","Adult","Adult","Adult","Adult","Adult"
"diplomatic_catbird",NA,NA,NA,NA,NA,NA,NA,"Adult","Adult","Adult","Adult","Adult","Adult","Adult","Adult"
"hypnotizing_hound",NA,NA,NA,NA,NA,NA,NA,"Adult","Adult","Adult","Adult","Adult","Adult","Adult","Adult"
"compellent_zethuswasp",NA,NA,NA,NA,NA,NA,NA,"Adult","Adult","Adult","Adult","Adult","Adult","Adult","Adult"
"garlicky_seaslug",NA,NA,NA,NA,NA,NA,NA,"Adult","Adult","Adult","Adult","Adult","Adult","Adult","Adult"
"dynamitic_northernseahorse",NA,NA,NA,NA,NA,NA,NA,"Adult","Adult","Adult","Adult","Adult","Adult","Adult","Adult"
"capitalistic_arrowana",NA,NA,NA,NA,NA,NA,NA,"Adult","Adult","Adult","Adult","Adult","Adult","Adult","Adult"
"fibered_kitten",NA,NA,NA,NA,NA,NA,NA,"Adult","Adult","Adult","Adult","Adult","Adult","Adult","Adult"
"pseudopolitical_shrimp",NA,NA,NA,NA,NA,NA,NA,"Adult","Adult","Adult","Adult","Adult","Adult","Adult","Adult"
"boring_alligator",NA,NA,NA,NA,NA,NA,NA,"Adult","Adult","Adult","Adult","Adult","Adult","Adult","Adult"
"curvy_cornsnake",NA,NA,NA,NA,NA,NA,NA,"Adult","Adult","Adult","Adult","Adult","Adult","Adult","Adult"
"construable_herculesbeetle",NA,NA,NA,NA,NA,NA,NA,"Adult","Adult","Adult","Adult","Adult","Adult","Adult","Adult"
"congested_scoter",NA,NA,NA,NA,NA,NA,NA,"Adult","Adult","Adult","Adult","Adult","Adult","Adult","Adult"
"wisteria_incatern",NA,NA,NA,NA,NA,NA,NA,NA,"Adult","Adult","Adult","Adult","Adult","Adult","Adult"
"quasiconstant_verdin",NA,NA,NA,NA,NA,NA,NA,NA,"Adult","Adult","Adult","Adult","Adult","Adult","Adult"
"suburban_halibut",NA,NA,NA,NA,NA,NA,NA,NA,"Adult","Adult","Adult","Adult","Adult","Adult","Adult"
"smoky_leveret",NA,NA,NA,NA,NA,NA,NA,NA,"Adult","Adult","Adult","Adult","Adult","Adult","Adult"
"sultanic_piranha",NA,NA,NA,NA,NA,NA,NA,NA,"Adult","Adult","Adult","Adult","Adult","Adult","Adult"
"nightmarish_amazontreeboa",NA,NA,NA,NA,NA,NA,NA,NA,"Adult","Adult","Adult","Adult","Adult","Adult","Adult"
"antivirus_flyinglemur",NA,NA,NA,NA,NA,NA,NA,NA,"Adult","Adult","Adult","Adult","Adult","Adult","Adult"
"detonative_galago",NA,NA,NA,NA,NA,NA,NA,NA,"Adult","Adult","Adult","Adult","Adult","Adult","Adult"
"ungodlike_piranha",NA,NA,NA,NA,NA,NA,NA,NA,"Adult","Adult","Adult","Adult","Adult","Adult","Adult"
"unquieting_apatosaur",NA,NA,NA,NA,NA,NA,NA,NA,"Adult","Adult","Adult","Adult","Adult","Adult","Adult"
"mysophobic_monkey",NA,NA,NA,NA,NA,NA,NA,NA,"Adult","Adult","Adult","Adult","Adult","Adult","Adult"
"precrystalline_badger",NA,NA,NA,NA,NA,NA,NA,NA,"Adult","Adult","Adult","Adult","Adult","Adult","Adult"
"unanguished_eland",NA,NA,NA,NA,NA,NA,NA,NA,"Adult","Adult","Adult","Adult","Adult","Adult","Adult"
"oceanographical_backswimmer",NA,NA,NA,NA,NA,NA,NA,NA,"Adult","Adult","Adult","Adult","Adult","Adult","Adult"
"subterranean_metamorphosis",NA,NA,NA,NA,NA,NA,NA,NA,"Adult","Adult","Adult","Adult","Adult","Adult","Adult"
"dustless_americanwirehair",NA,NA,NA,NA,NA,NA,NA,NA,"Adult","Adult","Adult","Adult","Adult","Adult","Adult"
"unshakable_ray",NA,NA,NA,NA,NA,NA,NA,NA,"Adult","Adult","Adult","Adult","Adult","Adult","Adult"
"fiendish_fawn",NA,NA,NA,NA,NA,NA,NA,NA,"Adult","Adult","Adult","Adult","Adult","Adult","Adult"
"bactericidal_volvox",NA,NA,NA,NA,NA,NA,NA,NA,"Adult","Adult","Adult","Adult","Adult","Adult","Adult"
"bosky_boutu",NA,NA,NA,NA,NA,NA,NA,NA,"Adult","Adult","Adult","Adult","Adult","Adult","Adult"
"featheredged_dragonfly",NA,NA,NA,NA,NA,NA,NA,NA,"Adult","Adult","Adult","Adult","Adult","Adult","Adult"
"sticky_marten",NA,NA,NA,NA,NA,NA,NA,NA,"Adult","Adult","Adult","Adult","Adult","Adult","Adult"
"diamond_frilledlizard",NA,NA,NA,NA,NA,NA,NA,NA,"Adult","Adult","Adult","Adult","Adult","Adult","Adult"
"adamantium_americanbobtail",NA,NA,NA,NA,NA,NA,NA,NA,"Adult","Adult","Adult","Adult","Adult","Adult","Adult"
"enjambed_seahorse",NA,NA,NA,NA,NA,NA,NA,NA,"Adult","Adult","Adult","Adult","Adult","Adult","Adult"
"adorable_xinjiangovenator",NA,NA,NA,NA,NA,NA,NA,NA,"Adult","Adult","Adult","Adult","Adult","Adult","Adult"
"superenergetic_antarcticgiantpetrel",NA,NA,NA,NA,NA,NA,NA,NA,NA,"Adult","Adult","Adult","Adult","Adult","Adult"
"bald_africanpiedkingfisher",NA,NA,NA,NA,NA,NA,NA,NA,NA,"Adult","Adult","Adult","Adult","Adult","Adult"
"mannerly_halicore",NA,NA,NA,NA,NA,NA,NA,NA,NA,"Adult","Adult","Adult","Adult","Adult","Adult"
"expecting_hogget",NA,NA,NA,NA,NA,NA,NA,NA,NA,"Adult","Adult","Adult","Adult","Adult","Adult"
"pictural_goldenmantledgroundsquirrel",NA,NA,NA,NA,NA,NA,NA,NA,NA,"Adult","Adult","Adult","Adult","Adult","Adult"
"rainbow_manxcat",NA,NA,NA,NA,NA,NA,NA,NA,NA,"Adult","Adult","Adult","Adult","Adult","Adult"
"acidifiable_mole",NA,NA,NA,NA,NA,NA,NA,NA,NA,"Adult","Adult","Adult","Adult","Adult","Adult"
"circulatory_human",NA,NA,NA,NA,NA,NA,NA,NA,NA,"Adult","Adult","Adult","Adult","Adult","Adult"
"fervent_babirusa",NA,NA,NA,NA,NA,NA,NA,NA,NA,"Adult","Adult","Adult","Adult","Adult","Adult"
"leery_eyelashpitviper",NA,NA,NA,NA,NA,NA,NA,NA,NA,"Adult","Adult","Adult","Adult","Adult","Adult"
"noncultural_shrike",NA,NA,NA,NA,NA,NA,NA,NA,NA,"Adult","Adult","Adult","Adult","Adult","Adult"
"zanyish_samoyeddog",NA,NA,NA,NA,NA,NA,NA,NA,NA,"Adult","Adult","Adult","Adult","Adult","Adult"
"trapezohedron_attwatersprairiechicken",NA,NA,NA,NA,NA,NA,NA,NA,NA,"Adult","Adult","Adult","Adult","Adult","Adult"
"diagonal_mynah",NA,NA,NA,NA,NA,NA,NA,NA,NA,"Adult","Adult","Adult","Adult","Adult","Adult"
"twill_larva",NA,NA,NA,NA,NA,NA,NA,NA,NA,"Adult","Adult","Adult","Adult","Adult","Adult"
"incomplete_bonobo",NA,NA,NA,NA,NA,NA,NA,NA,NA,"Adult","Adult","Adult","Adult","Adult","Adult"
"astrobiological_bluebottlejellyfish",NA,NA,NA,NA,NA,NA,NA,NA,NA,"Adult","Adult","Adult","Adult","Adult","Adult"
"dismountable_howlermonkey",NA,NA,NA,NA,NA,NA,NA,NA,NA,"Adult","Adult","Adult","Adult","Adult","Adult"
"antigovernment_foal",NA,NA,NA,NA,NA,NA,NA,NA,NA,"Adult","Adult","Adult","Adult","Adult","Adult"
"saccharine_marbledmurrelet",NA,NA,NA,NA,NA,NA,NA,NA,NA,"Adult","Adult","Adult","Adult","Adult","Adult"
"daydreaming_hydra",NA,NA,NA,NA,NA,NA,NA,NA,NA,"Adult","Adult","Adult","Adult","Adult","Adult"
"white_velociraptor",NA,NA,NA,NA,NA,NA,NA,NA,NA,"Adult","Adult","Adult","Adult","Adult","Adult"
"heartsore_finwhale",NA,NA,NA,NA,NA,NA,NA,NA,NA,"Adult","Adult","Adult","Adult","Adult","Adult"
"basaltic_woodborer",NA,NA,NA,NA,NA,NA,NA,NA,NA,"Adult","Adult","Adult","Adult","Adult","Adult"
"noncontinuous_angora",NA,NA,NA,NA,NA,NA,NA,NA,NA,"Adult","Adult","Adult","Adult","Adult","Adult"
"quiescent_racerunner",NA,NA,NA,NA,NA,NA,NA,NA,NA,"Adult","Adult","Adult","Adult","Adult","Adult"
"hottempered_ladybug",NA,NA,NA,NA,NA,NA,NA,NA,NA,"Adult","Adult","Adult","Adult","Adult","Adult"
"corrosive_flatcoatretriever",NA,NA,NA,NA,NA,NA,NA,NA,NA,"Adult","Adult","Adult","Adult","Adult","Adult"
"papershelled_rainbowtrout",NA,NA,NA,NA,NA,NA,NA,NA,NA,"Adult","Adult","Adult","Adult","Adult","Adult"
"chubby_lungfish",NA,NA,NA,NA,NA,NA,NA,NA,NA,"Adult","Adult","Adult","Adult","Adult","Adult"
"isinglass_songbird",NA,NA,NA,NA,NA,NA,NA,NA,NA,"Adult","Adult","Adult","Adult","Adult","Adult"
"chatty_iguana",NA,NA,NA,NA,NA,NA,NA,NA,NA,"Adult","Adult","Adult","Adult","Adult","Adult"
"endocrine_rat",NA,NA,NA,NA,NA,NA,NA,NA,NA,"Adult","Adult","Adult","Adult","Adult","Adult"
"footed_cock",NA,NA,NA,NA,NA,NA,NA,NA,NA,"Adult","Adult","Adult","Adult","Adult","Adult"
"copper_quetzal",NA,NA,NA,NA,NA,NA,NA,NA,NA,"Adult","Adult","Adult","Adult","Adult","Adult"
"dermatoid_harpseal",NA,NA,NA,NA,NA,NA,NA,NA,NA,"Adult","Adult","Adult","Adult","Adult","Adult"
"ailing_condor",NA,NA,NA,NA,NA,NA,NA,NA,NA,NA,"Adult","Adult","Adult","Adult","Adult"
"unbeloved_alligator",NA,NA,NA,NA,NA,NA,NA,NA,NA,NA,"Adult","Adult","Adult","Adult","Adult"
"anorthosite_platypus",NA,NA,NA,NA,NA,NA,NA,NA,NA,NA,"Adult","Adult","Adult","Adult","Adult"
"mobile_hen",NA,NA,NA,NA,NA,NA,NA,NA,NA,NA,"Adult","Adult","Adult","Adult","Adult"
"pseudotetragonal_kagu",NA,NA,NA,NA,NA,NA,NA,NA,NA,NA,"Adult","Adult","Adult","Adult","Adult"
"timeless_basil",NA,NA,NA,NA,NA,NA,NA,NA,NA,NA,"Adult","Adult","Adult","Adult","Adult"
"immolated_gypsymoth",NA,NA,NA,NA,NA,NA,NA,NA,NA,NA,"Adult","Adult","Adult","Adult","Adult"
"freethinking_bustard",NA,NA,NA,NA,NA,NA,NA,NA,NA,NA,"Adult","Adult","Adult","Adult","Adult"
"differential_snail",NA,NA,NA,NA,NA,NA,NA,NA,NA,NA,"Adult","Adult","Adult","Adult","Adult"
"consumable_pitbull",NA,NA,NA,NA,NA,NA,NA,NA,NA,NA,"Adult","Adult","Adult","Adult","Adult"
"prettying_schnauzer",NA,NA,NA,NA,NA,NA,NA,NA,NA,NA,"Adult","Adult","Adult","Adult","Adult"
"thrifty_alaskankleekai",NA,NA,NA,NA,NA,NA,NA,NA,NA,NA,"Adult","Adult","Adult","Adult","Adult"
"exploding_norwayrat",NA,NA,NA,NA,NA,NA,NA,NA,NA,NA,"Adult","Adult","Adult","Adult","Adult"
"decontaminative_bison",NA,NA,NA,NA,NA,NA,NA,NA,NA,NA,"Adult","Adult","Adult","Adult","Adult"
"empty_joey",NA,NA,NA,NA,NA,NA,NA,NA,NA,NA,"Adult","Adult","Adult","Adult","Adult"
"sprucing_oregonsilverspotbutterfly",NA,NA,NA,NA,NA,NA,NA,NA,NA,NA,"Adult","Adult","Adult","Adult","Adult"
"unprofessional_pinniped",NA,NA,NA,NA,NA,NA,NA,NA,NA,NA,"Adult","Adult","Adult","Adult","Adult"
"monarchical_ichthyostega",NA,NA,NA,NA,NA,NA,NA,NA,NA,NA,"Adult","Adult","Adult","Adult","Adult"
"super_sulphurbutterfly",NA,NA,NA,NA,NA,NA,NA,NA,NA,NA,NA,"Adult","Adult","Adult","Adult"
"rebellious_toadfish",NA,NA,NA,NA,NA,NA,NA,NA,NA,NA,NA,"Adult","Adult","Adult","Adult"
"unfleshly_parakeet",NA,NA,NA,NA,NA,NA,NA,NA,NA,NA,NA,"Adult","Adult","Adult","Adult"
"transcendental_neonbluehermitcrab",NA,NA,NA,NA,NA,NA,NA,NA,NA,NA,NA,"Adult","Adult","Adult","Adult"
"constant_finnishspitz",NA,NA,NA,NA,NA,NA,NA,NA,NA,NA,NA,"Adult","Adult","Adult","Adult"
"unblackened_chick",NA,NA,NA,NA,NA,NA,NA,NA,NA,NA,NA,"Adult","Adult","Adult","Adult"
"pleasing_vipersquid",NA,NA,NA,NA,NA,NA,NA,NA,NA,NA,NA,"Adult","Adult","Adult","Adult"
"hypnotised_gharial",NA,NA,NA,NA,NA,NA,NA,NA,NA,NA,NA,"Adult","Adult","Adult","Adult"
"exclusionist_grassspider",NA,NA,NA,NA,NA,NA,NA,NA,NA,NA,NA,"Adult","Adult","Adult","Adult"
"unadvised_asp",NA,NA,NA,NA,NA,NA,NA,NA,NA,NA,NA,"Adult","Adult","Adult","Adult"
"upset_akitainu",NA,NA,NA,NA,NA,NA,NA,NA,NA,NA,NA,"Adult","Adult","Adult","Adult"
"gemological_bactrian",NA,NA,NA,NA,NA,NA,NA,NA,NA,NA,NA,"Adult","Adult","Adult","Adult"
"kinaesthetic_amurratsnake",NA,NA,NA,NA,NA,NA,NA,NA,NA,NA,NA,"Adult","Adult","Adult","Adult"
"letterhigh_iberiannase",NA,NA,NA,NA,NA,NA,NA,NA,NA,NA,NA,"Adult","Adult","Adult","Adult"
"pancratic_poodle",NA,NA,NA,NA,NA,NA,NA,NA,NA,NA,NA,"Adult","Adult","Adult","Adult"
"raskly_penguin",NA,NA,NA,NA,NA,NA,NA,NA,NA,NA,NA,"Adult","Adult","Adult","Adult"
"exciting_butterfly",NA,NA,NA,NA,NA,NA,NA,NA,NA,NA,NA,"Adult","Adult","Adult","Adult"
"carcinogenic_olm",NA,NA,NA,NA,NA,NA,NA,NA,NA,NA,NA,"Adult","Adult","Adult","Adult"
"effigial_atlanticsharpnosepuffer",NA,NA,NA,NA,NA,NA,NA,NA,NA,NA,NA,"Adult","Adult","Adult","Adult"
"haywire_sow",NA,NA,NA,NA,NA,NA,NA,NA,NA,NA,NA,"Adult","Adult","Adult","Adult"
"unloved_northernseahorse",NA,NA,NA,NA,NA,NA,NA,NA,NA,NA,NA,"Adult","Adult","Adult","Adult"
"deserticolous_smelts",NA,NA,NA,NA,NA,NA,NA,NA,NA,NA,NA,"Adult","Adult","Adult","Adult"
"congressional_alpinegoat",NA,NA,NA,NA,NA,NA,NA,NA,NA,NA,NA,"Adult","Adult","Adult","Adult"
"attack_giantschnauzer",NA,NA,NA,NA,NA,NA,NA,NA,NA,NA,NA,"Adult","Adult","Adult","Adult"
"choppy_seahog",NA,NA,NA,NA,NA,NA,NA,NA,NA,NA,NA,"Adult","Adult","Adult","Adult"
"profascist_vireo",NA,NA,NA,NA,NA,NA,NA,NA,NA,NA,NA,"Adult","Adult","Adult","Adult"
"headstrong_squirrel",NA,NA,NA,NA,NA,NA,NA,NA,NA,NA,NA,"Adult","Adult","Adult","Adult"
"pseudoinsane_nyala",NA,NA,NA,NA,NA,NA,NA,NA,NA,NA,NA,"Adult","Adult","Adult","Adult"
"antinaturalistic_japanesebeetle",NA,NA,NA,NA,NA,NA,NA,NA,NA,NA,NA,"Adult","Adult","Adult","Adult"
"arcane_butterfly",NA,NA,NA,NA,NA,NA,NA,NA,NA,NA,NA,"Adult","Adult","Adult","Adult"
"apian_pupa",NA,NA,NA,NA,NA,NA,NA,NA,NA,NA,NA,"Adult","Adult","Adult","Adult"
"predisastrous_snoutbutterfly",NA,NA,NA,NA,NA,NA,NA,NA,NA,NA,NA,"Adult","Adult","Adult","Adult"
"historiographic_labradorretriever",NA,NA,NA,NA,NA,NA,NA,NA,NA,NA,NA,"Adult","Adult","Adult","Adult"
"overweight_kronosaurus",NA,NA,NA,NA,NA,NA,NA,NA,NA,NA,NA,"Adult","Adult","Adult","Adult"
"hypocephalic_basenji",NA,NA,NA,NA,NA,NA,NA,NA,NA,NA,NA,NA,"Adult","Adult","Adult"
"duckie_zebraswallowtailbutterfly",NA,NA,NA,NA,NA,NA,NA,NA,NA,NA,NA,NA,"Adult","Adult","Adult"
"constrictive_tigershark",NA,NA,NA,NA,NA,NA,NA,NA,NA,NA,NA,NA,"Adult","Adult","Adult"
"anguished_whippet",NA,NA,NA,NA,NA,NA,NA,NA,NA,NA,NA,NA,"Adult","Adult","Adult"
"undigestible_queenant",NA,NA,NA,NA,NA,NA,NA,NA,NA,NA,NA,NA,"Adult","Adult","Adult"
"semimathematical_aardvark",NA,NA,NA,NA,NA,NA,NA,NA,NA,NA,NA,NA,"Adult","Adult","Adult"
"insane_copepod",NA,NA,NA,NA,NA,NA,NA,NA,NA,NA,NA,NA,"Adult","Adult","Adult"
"paralyzed_arkshell",NA,NA,NA,NA,NA,NA,NA,NA,NA,NA,NA,NA,"Adult","Adult","Adult"
"sawdustish_dungbeetle",NA,NA,NA,NA,NA,NA,NA,NA,NA,NA,NA,NA,"Adult","Adult","Adult"
"precardiac_ungulate",NA,NA,NA,NA,NA,NA,NA,NA,NA,NA,NA,NA,"Adult","Adult","Adult"
"biophilic_octopus",NA,NA,NA,NA,NA,NA,NA,NA,NA,NA,NA,NA,"Adult","Adult","Adult"
"ghostlike_aphid",NA,NA,NA,NA,NA,NA,NA,NA,NA,NA,NA,NA,"Adult","Adult","Adult"
"phantasmagoric_silverfox",NA,NA,NA,NA,NA,NA,NA,NA,NA,NA,NA,NA,"Adult","Adult","Adult"
"senatorial_olm",NA,NA,NA,NA,NA,NA,NA,NA,NA,NA,NA,NA,"Adult","Adult","Adult"
"rich_umbrette",NA,NA,NA,NA,NA,NA,NA,NA,NA,NA,NA,NA,"Adult","Adult","Adult"
"insured_indochinesetiger",NA,NA,NA,NA,NA,NA,NA,NA,NA,NA,NA,NA,"Adult","Adult","Adult"
"sudoriferous_limpet",NA,NA,NA,NA,NA,NA,NA,NA,NA,NA,NA,NA,"Adult","Adult","Adult"
"unrealistic_hammerheadbird",NA,NA,NA,NA,NA,NA,NA,NA,NA,NA,NA,NA,"Adult","Adult","Adult"
"genocidal_ivorygull",NA,NA,NA,NA,NA,NA,NA,NA,NA,NA,NA,NA,"Adult","Adult","Adult"
"educative_zorilla",NA,NA,NA,NA,NA,NA,NA,NA,NA,NA,NA,NA,"Adult","Adult","Adult"
"lime_westafricanantelope",NA,NA,NA,NA,NA,NA,NA,NA,NA,NA,NA,NA,"Adult","Adult","Adult"
"uncontradicted_dolphin",NA,NA,NA,NA,NA,NA,NA,NA,NA,NA,NA,NA,"Adult","Adult","Adult"
"unoutlawed_oregonsilverspotbutterfly",NA,NA,NA,NA,NA,NA,NA,NA,NA,NA,NA,NA,"Adult","Adult","Adult"
"mineralogic_zopilote",NA,NA,NA,NA,NA,NA,NA,NA,NA,NA,NA,NA,"Adult","Adult","Adult"
"illsorted_cockatoo",NA,NA,NA,NA,NA,NA,NA,NA,NA,NA,NA,NA,"Adult","Adult","Adult"
"psychoneurotic_italiangreyhound",NA,NA,NA,NA,NA,NA,NA,NA,NA,NA,NA,NA,"Adult","Adult","Adult"
"fortuneless_alligatorsnappingturtle",NA,NA,NA,NA,NA,NA,NA,NA,NA,NA,NA,NA,"Adult","Adult","Adult"
"megalomaniacal_manatee",NA,NA,NA,NA,NA,NA,NA,NA,NA,NA,NA,NA,"Adult","Adult","Adult"
"ammoniac_caterpillar",NA,NA,NA,NA,NA,NA,NA,NA,NA,NA,NA,NA,"Adult","Adult","Adult"
"heartstricken_goldeneye",NA,NA,NA,NA,NA,NA,NA,NA,NA,NA,NA,NA,NA,"Adult","Adult"
"semigeometric_africanrockpython",NA,NA,NA,NA,NA,NA,NA,NA,NA,NA,NA,NA,NA,"Adult","Adult"
"specific_huemul",NA,NA,NA,NA,NA,NA,NA,NA,NA,NA,NA,NA,NA,"Adult","Adult"
"commentarial_massasauga",NA,NA,NA,NA,NA,NA,NA,NA,NA,NA,NA,NA,NA,"Adult","Adult"
"weakminded_japanesebeetle",NA,NA,NA,NA,NA,NA,NA,NA,NA,NA,NA,NA,NA,"Adult","Adult"
"veryveryveryflying_americanindianhorse",NA,NA,NA,NA,NA,NA,NA,NA,NA,NA,NA,NA,NA,"Adult","Adult"
"loveydovey_northernpike",NA,NA,NA,NA,NA,NA,NA,NA,NA,NA,NA,NA,NA,"Adult","Adult"
"neutralizing_iridescentshark",NA,NA,NA,NA,NA,NA,NA,NA,NA,NA,NA,NA,NA,"Adult","Adult"
"semipassive_liger",NA,NA,NA,NA,NA,NA,NA,NA,NA,NA,NA,NA,NA,"Adult","Adult"
"spotted_appaloosa",NA,NA,NA,NA,NA,NA,NA,NA,NA,NA,NA,NA,NA,"Adult","Adult"
"diminished_gecko",NA,NA,NA,NA,NA,NA,NA,NA,NA,NA,NA,NA,NA,"Adult","Adult"
"welldesired_iguana",NA,NA,NA,NA,NA,NA,NA,NA,NA,NA,NA,NA,NA,"Adult","Adult"
"scaly_rat",NA,NA,NA,NA,NA,NA,NA,NA,NA,NA,NA,NA,NA,"Adult","Adult"
"sharpsighted_fantail",NA,NA,NA,NA,NA,NA,NA,NA,NA,NA,NA,NA,NA,"Adult","Adult"
"nonflammable_cur",NA,NA,NA,NA,NA,NA,NA,NA,NA,NA,NA,NA,NA,"Adult","Adult"
"aurous_kronosaurus",NA,NA,NA,NA,NA,NA,NA,NA,NA,NA,NA,NA,NA,"Adult","Adult"
"narcoleptic_songbird",NA,NA,NA,NA,NA,NA,NA,NA,NA,NA,NA,NA,NA,"Adult","Adult"
"unmarried_treecreeper",NA,NA,NA,NA,NA,NA,NA,NA,NA,NA,NA,NA,NA,"Adult","Adult"
"outstanding_ox",NA,NA,NA,NA,NA,NA,NA,NA,NA,NA,NA,NA,NA,"Adult","Adult"
"chemophobic_primate",NA,NA,NA,NA,NA,NA,NA,NA,NA,NA,NA,NA,NA,"Adult","Adult"
"redressible_merganser",NA,NA,NA,NA,NA,NA,NA,NA,NA,NA,NA,NA,NA,"Adult","Adult"
"narcistic_gordonsetter",NA,NA,NA,NA,NA,NA,NA,NA,NA,NA,NA,NA,NA,"Adult","Adult"
"teenyweeny_anophelesmosquito",NA,NA,NA,NA,NA,NA,NA,NA,NA,NA,NA,NA,NA,"Adult","Adult"
"construable_stonefly",NA,NA,NA,NA,NA,NA,NA,NA,NA,NA,NA,NA,NA,"Adult","Adult"
"eatable_amurratsnake",NA,NA,NA,NA,NA,NA,NA,NA,NA,NA,NA,NA,NA,"Adult","Adult"
"osmophobic_greendarnerdragonfly",NA,NA,NA,NA,NA,NA,NA,NA,NA,NA,NA,NA,NA,"Adult","Adult"
"connectible_cormorant",NA,NA,NA,NA,NA,NA,NA,NA,NA,NA,NA,NA,NA,NA,"Adult"
"sportive_queenant",NA,NA,NA,NA,NA,NA,NA,NA,NA,NA,NA,NA,NA,NA,"Adult"
"unimmunised_janenschia",NA,NA,NA,NA,NA,NA,NA,NA,NA,NA,NA,NA,NA,NA,"Adult"
"odorous_nakedmolerat",NA,NA,NA,NA,NA,NA,NA,NA,NA,NA,NA,NA,NA,NA,"Adult"
"deviant_isopod",NA,NA,NA,NA,NA,NA,NA,NA,NA,NA,NA,NA,NA,NA,"Adult"
"asphaltum_americansaddlebred",NA,NA,NA,NA,NA,NA,NA,NA,NA,NA,NA,NA,NA,NA,"Adult"
"gymnastic_arizonaalligatorlizard",NA,NA,NA,NA,NA,NA,NA,NA,NA,NA,NA,NA,NA,NA,"Adult"
"flavoury_fowl",NA,NA,NA,NA,NA,NA,NA,NA,NA,NA,NA,NA,NA,NA,"Adult"
"fracturable_rattlesnake",NA,NA,NA,NA,NA,NA,NA,NA,NA,NA,NA,NA,NA,NA,"Adult"
"dominant_lice",NA,NA,NA,NA,NA,NA,NA,NA,NA,NA,NA,NA,NA,NA,"Adult"
"snowwhite_azurevasesponge",NA,NA,NA,NA,NA,NA,NA,NA,NA,NA,NA,NA,NA,NA,"Adult"
"unterrestrial_bee",NA,NA,NA,NA,NA,NA,NA,NA,NA,NA,NA,NA,NA,NA,"Adult"
"overjoyed_stonefly",NA,NA,NA,NA,NA,NA,NA,NA,NA,NA,NA,NA,NA,NA,"Adult"
"perkish_banteng",NA,NA,NA,NA,NA,NA,NA,NA,NA,NA,NA,NA,NA,NA,"Adult"
"waterworn_gander",NA,NA,NA,NA,NA,NA,NA,NA,NA,NA,NA,NA,NA,NA,"Adult"
"courageous_sanddollar",NA,NA,NA,NA,NA,NA,NA,NA,NA,NA,NA,NA,NA,NA,"Adult"
"berserk_canine",NA,NA,NA,NA,NA,NA,NA,NA,NA,NA,NA,NA,NA,NA,"Adult"
"phobophobic_eland",NA,NA,NA,NA,NA,NA,NA,NA,NA,NA,NA,NA,NA,NA,"Adult"
"ultramodern_numbat",NA,NA,NA,NA,NA,NA,NA,NA,NA,NA,NA,NA,NA,NA,"Adult"
"repressive_fishingcat",NA,NA,NA,NA,NA,NA,NA,NA,NA,NA,NA,NA,NA,NA,"Adult"
"aqueous_isopod",NA,NA,NA,NA,NA,NA,NA,NA,NA,NA,NA,NA,NA,NA,"Adult"
