"ID","2007","2008","2009","2010","2011","2012","2013","2014","2015","2016","2017","2018","2019","2020","2021"
"constrainable_xuanhuasaurus","One year old","Two year old","Adult","Adult","Adult","Adult","Adult","Adult","Adult","Adult","Adult","Adult","Adult","Adult","Adult"
"still_jerboa","One year old","Two year old","Adult","Adult","Adult","Adult","Adult","Adult","Adult","Adult","Adult","Adult","Adult","Adult","Adult"
"bridal_shrew","One year old","Two year old","Adult","Adult","Adult","Adult","Adult","Adult","Adult","Adult","Adult","Adult","Adult","Adult","Adult"
"baseborn_nightheron","One year old","Two year old","Adult","Adult","Adult","Adult","Adult","Adult","Adult","Adult","Adult","Adult","Adult","Adult","Adult"
"coquettish_ibadanmalimbe","One year old","Two year old","Adult","Adult","Adult","Adult","Adult","Adult","Adult","Adult","Adult","Adult","Adult","Adult","Adult"
"celestial_hornshark","One year old","Two year old","Adult","Adult","Adult","Adult","Adult","Adult","Adult","Adult","Adult","Adult","Adult","Adult","Adult"
"quicktempered_blackwidowspider","One year old","Two year old","Adult","Adult","Adult","Adult","Adult","Adult","Adult","Adult","Adult","Adult","Adult","Adult","Adult"
"ichthyophobic_tapeworm","One year old","Two year old","Adult","Adult","Adult","Adult","Adult","Adult","Adult","Adult","Adult","Adult","Adult","Adult","Adult"
"dissectible_goldenmantledgroundsquirrel","One year old","Two year old","Adult","Adult","Adult","Adult","Adult","Adult","Adult","Adult","Adult","Adult","Adult","Adult","Adult"
"sarcastic_pikeperch","One year old","Two year old","Adult","Adult","Adult","Adult","Adult","Adult","Adult","Adult","Adult","Adult","Adult","Adult","Adult"
"drawn_redpoll","One year old","Two year old","Adult","Adult","Adult","Adult","Adult","Adult","Adult","Adult","Adult","Adult","Adult","Adult","Adult"
"halfbleached_hamadryad",NA,"One year old","Two year old","Adult","Adult","Adult","Adult","Adult","Adult","Adult","Adult","Adult","Adult","Adult","Adult"
"centophobic_goldfinch",NA,"One year old","Two year old","Adult","Adult","Adult","Adult","Adult","Adult","Adult","Adult","Adult","Adult","Adult","Adult"
"enraged_blackrussianterrier",NA,"One year old","Two year old","Adult","Adult","Adult","Adult","Adult","Adult","Adult","Adult","Adult","Adult","Adult","Adult"
"stupendous_wolfspider",NA,"One year old","Two year old","Adult","Adult","Adult","Adult","Adult","Adult","Adult","Adult","Adult","Adult","Adult","Adult"
"ghetto_thoroughbred",NA,"One year old","Two year old","Adult","Adult","Adult","Adult","Adult","Adult","Adult","Adult","Adult","Adult","Adult","Adult"
"selfvulcanising_australiansilkyterrier",NA,"One year old","Two year old","Adult","Adult","Adult","Adult","Adult","Adult","Adult","Adult","Adult","Adult","Adult","Adult"
"goosepimply_gilamonster",NA,NA,"One year old","Two year old","Adult","Adult","Adult","Adult","Adult","Adult","Adult","Adult","Adult","Adult","Adult"
"aweinspiring_canvasback",NA,NA,"One year old","Two year old","Adult","Adult","Adult","Adult","Adult","Adult","Adult","Adult","Adult","Adult","Adult"
"witted_auklet",NA,NA,"One year old","Two year old","Adult","Adult","Adult","Adult","Adult","Adult","Adult","Adult","Adult","Adult","Adult"
"dashing_ozarkbigearedbat",NA,NA,"One year old","Two year old","Adult","Adult","Adult","Adult","Adult","Adult","Adult","Adult","Adult","Adult","Adult"
"diagnostic_ewe",NA,NA,"One year old","Two year old","Adult","Adult","Adult","Adult","Adult","Adult","Adult","Adult","Adult","Adult","Adult"
"highspiritedly_pterodactyls",NA,NA,"One year old","Two year old","Adult","Adult","Adult","Adult","Adult","Adult","Adult","Adult","Adult","Adult","Adult"
"dedicated_vixen",NA,NA,"One year old","Two year old","Adult","Adult","Adult","Adult","Adult","Adult","Adult","Adult","Adult","Adult","Adult"
"tinted_haddock",NA,NA,"One year old","Two year old","Adult","Adult","Adult","Adult","Adult","Adult","Adult","Adult","Adult","Adult","Adult"
"unpredestined_baiji",NA,NA,"One year old","Two year old","Adult","Adult","Adult","Adult","Adult","Adult","Adult","Adult","Adult","Adult","Adult"
"silicone_crayfish",NA,NA,"One year old","Two year old","Adult","Adult","Adult","Adult","Adult","Adult","Adult","Adult","Adult","Adult","Adult"
"bluecollar_conch",NA,NA,"One year old","Two year old","Adult","Adult","Adult","Adult","Adult","Adult","Adult","Adult","Adult","Adult","Adult"
"lazuline_cavy",NA,NA,"One year old","Two year old","Adult","Adult","Adult","Adult","Adult","Adult","Adult","Adult","Adult","Adult","Adult"
"palaeobiologic_skimmer",NA,NA,"One year old","Two year old","Adult","Adult","Adult","Adult","Adult","Adult","Adult","Adult","Adult","Adult","Adult"
"upper_emu",NA,NA,"One year old","Two year old","Adult","Adult","Adult","Adult","Adult","Adult","Adult","Adult","Adult","Adult","Adult"
"dull_wolverine",NA,NA,"One year old","Two year old","Adult","Adult","Adult","Adult","Adult","Adult","Adult","Adult","Adult","Adult","Adult"
"polygonal_lightningbug",NA,NA,"One year old","Two year old","Adult","Adult","Adult","Adult","Adult","Adult","Adult","Adult","Adult","Adult","Adult"
"dominating_zebra",NA,NA,NA,"One year old","Two year old","Adult","Adult","Adult","Adult","Adult","Adult","Adult","Adult","Adult","Adult"
"contextual_terrier",NA,NA,NA,"One year old","Two year old","Adult","Adult","Adult","Adult","Adult","Adult","Adult","Adult","Adult","Adult"
"illtimed_albatross",NA,NA,NA,"One year old","Two year old","Adult","Adult","Adult","Adult","Adult","Adult","Adult","Adult","Adult","Adult"
"benign_americancurl",NA,NA,NA,"One year old","Two year old","Adult","Adult","Adult","Adult","Adult","Adult","Adult","Adult","Adult","Adult"
"catty_maggot",NA,NA,NA,"One year old","Two year old","Adult","Adult","Adult","Adult","Adult","Adult","Adult","Adult","Adult","Adult"
"causable_gar",NA,NA,NA,"One year old","Two year old","Adult","Adult","Adult","Adult","Adult","Adult","Adult","Adult","Adult","Adult"
"precranial_genet",NA,NA,NA,NA,"One year old","Two year old","Adult","Adult","Adult","Adult","Adult","Adult","Adult","Adult","Adult"
"semidramatical_sloth",NA,NA,NA,NA,"One year old","Two year old","Adult","Adult","Adult","Adult","Adult","Adult","Adult","Adult","Adult"
"nobleminded_earwig",NA,NA,NA,NA,"One year old","Two year old","Adult","Adult","Adult","Adult","Adult","Adult","Adult","Adult","Adult"
"unfriended_shibainu",NA,NA,NA,NA,"One year old","Two year old","Adult","Adult","Adult","Adult","Adult","Adult","Adult","Adult","Adult"
"larval_africangoldencat",NA,NA,NA,NA,"One year old","Two year old","Adult","Adult","Adult","Adult","Adult","Adult","Adult","Adult","Adult"
"equatorial_elephantseal",NA,NA,NA,NA,"One year old","Two year old","Adult","Adult","Adult","Adult","Adult","Adult","Adult","Adult","Adult"
"lowerclass_springbok",NA,NA,NA,NA,"One year old","Two year old","Adult","Adult","Adult","Adult","Adult","Adult","Adult","Adult","Adult"
"flashy_songbird",NA,NA,NA,NA,"One year old","Two year old","Adult","Adult","Adult","Adult","Adult","Adult","Adult","Adult","Adult"
"catatonic_halicore",NA,NA,NA,NA,NA,"One year old","Two year old","Adult","Adult","Adult","Adult","Adult","Adult","Adult","Adult"
"copper_kestrel",NA,NA,NA,NA,NA,"One year old","Two year old","Adult","Adult","Adult","Adult","Adult","Adult","Adult","Adult"
"imperialistic_stegosaurus",NA,NA,NA,NA,NA,"One year old","Two year old","Adult","Adult","Adult","Adult","Adult","Adult","Adult","Adult"
"proclergy_grasshopper",NA,NA,NA,NA,NA,"One year old","Two year old","Adult","Adult","Adult","Adult","Adult","Adult","Adult","Adult"
"ingenious_redstart",NA,NA,NA,NA,NA,"One year old","Two year old","Adult","Adult","Adult","Adult","Adult","Adult","Adult","Adult"
"aquiline_anglerfish",NA,NA,NA,NA,NA,"One year old","Two year old","Adult","Adult","Adult","Adult","Adult","Adult","Adult","Adult"
"unconquerable_antelopegroundsquirrel",NA,NA,NA,NA,NA,"One year old","Two year old","Adult","Adult","Adult","Adult","Adult","Adult","Adult","Adult"
"wanted_johndory",NA,NA,NA,NA,NA,"One year old","Two year old","Adult","Adult","Adult","Adult","Adult","Adult","Adult","Adult"
"nonangelic_arrowana",NA,NA,NA,NA,NA,"One year old","Two year old","Adult","Adult","Adult","Adult","Adult","Adult","Adult","Adult"
"unsalted_greathornedowl",NA,NA,NA,NA,NA,"One year old","Two year old","Adult","Adult","Adult","Adult","Adult","Adult","Adult","Adult"
"nonliterary_queenant",NA,NA,NA,NA,NA,"One year old","Two year old","Adult","Adult","Adult","Adult","Adult","Adult","Adult","Adult"
"disregardful_rhodesianridgeback",NA,NA,NA,NA,NA,NA,"One year old","Two year old","Adult","Adult","Adult","Adult","Adult","Adult","Adult"
"soldierlike_grison",NA,NA,NA,NA,NA,NA,"One year old","Two year old","Adult","Adult","Adult","Adult","Adult","Adult","Adult"
"nocturnal_kitten",NA,NA,NA,NA,NA,NA,"One year old","Two year old","Adult","Adult","Adult","Adult","Adult","Adult","Adult"
"trashy_kiwi",NA,NA,NA,NA,NA,NA,"One year old","Two year old","Adult","Adult","Adult","Adult","Adult","Adult","Adult"
"verymad_frillneckedlizard",NA,NA,NA,NA,NA,NA,"One year old","Two year old","Adult","Adult","Adult","Adult","Adult","Adult","Adult"
"reusable_duckbillcat",NA,NA,NA,NA,NA,NA,"One year old","Two year old","Adult","Adult","Adult","Adult","Adult","Adult","Adult"
"committable_acornweevil",NA,NA,NA,NA,NA,NA,"One year old","Two year old","Adult","Adult","Adult","Adult","Adult","Adult","Adult"
"halfintellectual_icelandgull",NA,NA,NA,NA,NA,NA,"One year old","Two year old","Adult","Adult","Adult","Adult","Adult","Adult","Adult"
"tired_solitaire",NA,NA,NA,NA,NA,NA,"One year old","Two year old","Adult","Adult","Adult","Adult","Adult","Adult","Adult"
"burnt_loris",NA,NA,NA,NA,NA,NA,"One year old","Two year old","Adult","Adult","Adult","Adult","Adult","Adult","Adult"
"invincible_fishingcat",NA,NA,NA,NA,NA,NA,"One year old","Two year old","Adult","Adult","Adult","Adult","Adult","Adult","Adult"
"irritating_wobbegongshark",NA,NA,NA,NA,NA,NA,"One year old","Two year old","Adult","Adult","Adult","Adult","Adult","Adult","Adult"
"thickwitted_dragon",NA,NA,NA,NA,NA,NA,"One year old","Two year old","Adult","Adult","Adult","Adult","Adult","Adult","Adult"
"psychometrical_blueshark",NA,NA,NA,NA,NA,NA,"One year old","Two year old","Adult","Adult","Adult","Adult","Adult","Adult","Adult"
"baggy_leopardseal",NA,NA,NA,NA,NA,NA,"One year old","Two year old","Adult","Adult","Adult","Adult","Adult","Adult","Adult"
"active_snipe",NA,NA,NA,NA,NA,NA,"One year old","Two year old","Adult","Adult","Adult","Adult","Adult","Adult","Adult"
"semihistorical_barb",NA,NA,NA,NA,NA,NA,NA,"One year old","Two year old","Adult","Adult","Adult","Adult","Adult","Adult"
"psychographic_hatchetfish",NA,NA,NA,NA,NA,NA,NA,"One year old","Two year old","Adult","Adult","Adult","Adult","Adult","Adult"
"premature_mosasaur",NA,NA,NA,NA,NA,NA,NA,"One year old","Two year old","Adult","Adult","Adult","Adult","Adult","Adult"
"medical_sphinx",NA,NA,NA,NA,NA,NA,NA,"One year old","Two year old","Adult","Adult","Adult","Adult","Adult","Adult"
"unpretentious_sakimonkey",NA,NA,NA,NA,NA,NA,NA,"One year old","Two year old","Adult","Adult","Adult","Adult","Adult","Adult"
"nondesirous_pinniped",NA,NA,NA,NA,NA,NA,NA,"One year old","Two year old","Adult","Adult","Adult","Adult","Adult","Adult"
"annoyed_flatfish",NA,NA,NA,NA,NA,NA,NA,"One year old","Two year old","Adult","Adult","Adult","Adult","Adult","Adult"
"unjust_johndory",NA,NA,NA,NA,NA,NA,NA,"One year old","Two year old","Adult","Adult","Adult","Adult","Adult","Adult"
"generalpurpose_irishsetter",NA,NA,NA,NA,NA,NA,NA,"One year old","Two year old","Adult","Adult","Adult","Adult","Adult","Adult"
"bacterial_starfish",NA,NA,NA,NA,NA,NA,NA,NA,"One year old","Two year old","Adult","Adult","Adult","Adult","Adult"
"sulfur_pachyderm",NA,NA,NA,NA,NA,NA,NA,NA,"One year old","Two year old","Adult","Adult","Adult","Adult","Adult"
"moonlit_boa",NA,NA,NA,NA,NA,NA,NA,NA,"One year old","Two year old","Adult","Adult","Adult","Adult","Adult"
"retouchable_ling",NA,NA,NA,NA,NA,NA,NA,NA,NA,"One year old","Two year old","Adult","Adult","Adult","Adult"
"spiniferous_husky",NA,NA,NA,NA,NA,NA,NA,NA,NA,"One year old","Two year old","Adult","Adult","Adult","Adult"
"pleasable_gallinule",NA,NA,NA,NA,NA,NA,NA,NA,NA,"One year old","Two year old","Adult","Adult","Adult","Adult"
"similar_skipper",NA,NA,NA,NA,NA,NA,NA,NA,NA,"One year old","Two year old","Adult","Adult","Adult","Adult"
"matriarchic_sardine",NA,NA,NA,NA,NA,NA,NA,NA,NA,"One year old","Two year old","Adult","Adult","Adult","Adult"
"advertent_monkey",NA,NA,NA,NA,NA,NA,NA,NA,NA,"One year old","Two year old","Adult","Adult","Adult","Adult"
"capitalistic_bluebottlejellyfish",NA,NA,NA,NA,NA,NA,NA,NA,NA,"One year old","Two year old","Adult","Adult","Adult","Adult"
"edgy_viper",NA,NA,NA,NA,NA,NA,NA,NA,NA,NA,"One year old","Two year old","Adult","Adult","Adult"
"jobless_indusriverdolphin",NA,NA,NA,NA,NA,NA,NA,NA,NA,NA,"One year old","Two year old","Adult","Adult","Adult"
"wedded_iaerismetalmark",NA,NA,NA,NA,NA,NA,NA,NA,NA,NA,"One year old","Two year old","Adult","Adult","Adult"
"imported_xantus",NA,NA,NA,NA,NA,NA,NA,NA,NA,NA,"One year old","Two year old","Adult","Adult","Adult"
"bad_loon",NA,NA,NA,NA,NA,NA,NA,NA,NA,NA,"One year old","Two year old","Adult","Adult","Adult"
"unalliterative_lcont",NA,NA,NA,NA,NA,NA,NA,NA,NA,NA,"One year old","Two year old","Adult","Adult","Adult"
"right_mantis",NA,NA,NA,NA,NA,NA,NA,NA,NA,NA,"One year old","Two year old","Adult","Adult","Adult"
"haywire_hornedtoad",NA,NA,NA,NA,NA,NA,NA,NA,NA,NA,"One year old","Two year old","Adult","Adult","Adult"
"foilable_whitetaileddeer",NA,NA,NA,NA,NA,NA,NA,NA,NA,NA,"One year old","Two year old","Adult","Adult","Adult"
"prosaic_chinchilla",NA,NA,NA,NA,NA,NA,NA,NA,NA,NA,"One year old","Two year old","Adult","Adult","Adult"
"goosebumpy_goitered",NA,NA,NA,NA,NA,NA,NA,NA,NA,NA,"One year old","Two year old","Adult","Adult","Adult"
"sedulous_waterthrush",NA,NA,NA,NA,NA,NA,NA,NA,NA,NA,NA,"One year old","Two year old","Adult","Adult"
"portable_atlanticspadefish",NA,NA,NA,NA,NA,NA,NA,NA,NA,NA,NA,"One year old","Two year old","Adult","Adult"
"incombustible_katydid",NA,NA,NA,NA,NA,NA,NA,NA,NA,NA,NA,"One year old","Two year old","Adult","Adult"
"saccharine_americancurl",NA,NA,NA,NA,NA,NA,NA,NA,NA,NA,NA,NA,"One year old","Two year old","Adult"
"unintroversive_fanworms",NA,NA,NA,NA,NA,NA,NA,NA,NA,NA,NA,NA,"One year old","Two year old","Adult"
"understood_skimmer",NA,NA,NA,NA,NA,NA,NA,NA,NA,NA,NA,NA,"One year old","Two year old","Adult"
"neophilic_gartersnake",NA,NA,NA,NA,NA,NA,NA,NA,NA,NA,NA,NA,"One year old","Two year old","Adult"
"moneygrubbing_hoopoe",NA,NA,NA,NA,NA,NA,NA,NA,NA,NA,NA,NA,"One year old","Two year old","Adult"
"dodecasyllabic_kakapo",NA,NA,NA,NA,NA,NA,NA,NA,NA,NA,NA,NA,NA,"One year old","Two year old"
"nonscientific_africanwildcat",NA,NA,NA,NA,NA,NA,NA,NA,NA,NA,NA,NA,NA,"One year old","Two year old"
"ecological_dairycow",NA,NA,NA,NA,NA,NA,NA,NA,NA,NA,NA,NA,NA,"One year old","Two year old"
"lime_angora",NA,NA,NA,NA,NA,NA,NA,NA,NA,NA,NA,NA,NA,"One year old","Two year old"
"apiarian_whippoorwill",NA,NA,NA,NA,NA,NA,NA,NA,NA,NA,NA,NA,NA,"One year old","Two year old"
"chalkstony_baleenwhale",NA,NA,NA,NA,NA,NA,NA,NA,NA,NA,NA,NA,NA,"One year old","Two year old"
"circumnavigatory_whooper",NA,NA,NA,NA,NA,NA,NA,NA,NA,NA,NA,NA,NA,NA,"One year old"
"plausible_northernpike",NA,NA,NA,NA,NA,NA,NA,NA,NA,NA,NA,NA,NA,NA,"One year old"
"dihydric_kusimanse",NA,NA,NA,NA,NA,NA,NA,NA,NA,NA,NA,NA,NA,NA,"One year old"
"unruly_mockingbird",NA,NA,NA,NA,NA,NA,NA,NA,NA,NA,NA,NA,NA,NA,"One year old"
"unsatisfied_shorebird",NA,NA,NA,NA,NA,NA,NA,NA,NA,NA,NA,NA,NA,NA,"One year old"
"entrepreneurial_zebraswallowtailbutterfly",NA,NA,NA,NA,NA,NA,NA,NA,NA,NA,NA,NA,NA,NA,"One year old"
"mopey_americanbobtail",NA,NA,NA,NA,NA,NA,NA,NA,NA,NA,NA,NA,NA,NA,"One year old"
"unintellectual_emu","Two year old","Adult","Adult","Adult","Adult","Adult","Adult","Adult","Adult","Adult","Adult","Adult","Adult","Adult","Adult"
"papershelled_barnowl","Two year old","Adult","Adult","Adult","Adult","Adult","Adult","Adult","Adult","Adult","Adult","Adult","Adult","Adult","Adult"
"acute_seagull","Two year old","Adult","Adult","Adult","Adult","Adult","Adult","Adult","Adult","Adult","Adult","Adult","Adult","Adult","Adult"
"proscience_goosefish","Two year old","Adult","Adult","Adult","Adult","Adult","Adult","Adult","Adult","Adult","Adult","Adult","Adult","Adult","Adult"
"pseudomythical_iberianemeraldlizard","Two year old","Adult","Adult","Adult","Adult","Adult","Adult","Adult","Adult","Adult","Adult","Adult","Adult","Adult","Adult"
"dendrochronological_dikdik","Two year old","Adult","Adult","Adult","Adult","Adult","Adult","Adult","Adult","Adult","Adult","Adult","Adult","Adult","Adult"
"persnickety_bluewhale","Two year old","Adult","Adult","Adult","Adult","Adult","Adult","Adult","Adult","Adult","Adult","Adult","Adult","Adult","Adult"
"fireless_paddlefish",NA,"Two year old","Adult","Adult","Adult","Adult","Adult","Adult","Adult","Adult","Adult","Adult","Adult","Adult","Adult"
"unremarkable_nutria",NA,NA,"Two year old","Adult","Adult","Adult","Adult","Adult","Adult","Adult","Adult","Adult","Adult","Adult","Adult"
"hydrated_copepod",NA,NA,"Two year old","Adult","Adult","Adult","Adult","Adult","Adult","Adult","Adult","Adult","Adult","Adult","Adult"
"soapy_icefish",NA,NA,"Two year old","Adult","Adult","Adult","Adult","Adult","Adult","Adult","Adult","Adult","Adult","Adult","Adult"
"exploitative_snoutbutterfly",NA,NA,"Two year old","Adult","Adult","Adult","Adult","Adult","Adult","Adult","Adult","Adult","Adult","Adult","Adult"
"untrigonometric_tarantula",NA,NA,"Two year old","Adult","Adult","Adult","Adult","Adult","Adult","Adult","Adult","Adult","Adult","Adult","Adult"
"mustard_zebralongwingbutterfly",NA,NA,"Two year old","Adult","Adult","Adult","Adult","Adult","Adult","Adult","Adult","Adult","Adult","Adult","Adult"
"stagnant_pelicinuspetrel",NA,NA,"Two year old","Adult","Adult","Adult","Adult","Adult","Adult","Adult","Adult","Adult","Adult","Adult","Adult"
"villainous_squid",NA,NA,"Two year old","Adult","Adult","Adult","Adult","Adult","Adult","Adult","Adult","Adult","Adult","Adult","Adult"
"clever_urubu",NA,NA,NA,"Two year old","Adult","Adult","Adult","Adult","Adult","Adult","Adult","Adult","Adult","Adult","Adult"
"hurt_alabamamapturtle",NA,NA,NA,"Two year old","Adult","Adult","Adult","Adult","Adult","Adult","Adult","Adult","Adult","Adult","Adult"
"relaxative_goshawk",NA,NA,NA,"Two year old","Adult","Adult","Adult","Adult","Adult","Adult","Adult","Adult","Adult","Adult","Adult"
"underaverage_indigowingedparrot",NA,NA,NA,"Two year old","Adult","Adult","Adult","Adult","Adult","Adult","Adult","Adult","Adult","Adult","Adult"
"scrapable_whitetaileddeer",NA,NA,NA,"Two year old","Adult","Adult","Adult","Adult","Adult","Adult","Adult","Adult","Adult","Adult","Adult"
"homebrewed_incatern",NA,NA,NA,NA,"Two year old","Adult","Adult","Adult","Adult","Adult","Adult","Adult","Adult","Adult","Adult"
"sportsmanly_umbrellabird",NA,NA,NA,NA,"Two year old","Adult","Adult","Adult","Adult","Adult","Adult","Adult","Adult","Adult","Adult"
"unmercenary_hart",NA,NA,NA,NA,"Two year old","Adult","Adult","Adult","Adult","Adult","Adult","Adult","Adult","Adult","Adult"
"supercolossal_chick",NA,NA,NA,NA,"Two year old","Adult","Adult","Adult","Adult","Adult","Adult","Adult","Adult","Adult","Adult"
"algophobic_waterbug",NA,NA,NA,NA,"Two year old","Adult","Adult","Adult","Adult","Adult","Adult","Adult","Adult","Adult","Adult"
"dead_pharaohhound",NA,NA,NA,NA,NA,"Two year old","Adult","Adult","Adult","Adult","Adult","Adult","Adult","Adult","Adult"
"mossy_longhornbeetle",NA,NA,NA,NA,NA,"Two year old","Adult","Adult","Adult","Adult","Adult","Adult","Adult","Adult","Adult"
"fluent_icefish",NA,NA,NA,NA,NA,"Two year old","Adult","Adult","Adult","Adult","Adult","Adult","Adult","Adult","Adult"
"venerated_collardlizard",NA,NA,NA,NA,NA,"Two year old","Adult","Adult","Adult","Adult","Adult","Adult","Adult","Adult","Adult"
"cardiographic_fowl",NA,NA,NA,NA,NA,"Two year old","Adult","Adult","Adult","Adult","Adult","Adult","Adult","Adult","Adult"
"hexametric_arkshell",NA,NA,NA,NA,NA,"Two year old","Adult","Adult","Adult","Adult","Adult","Adult","Adult","Adult","Adult"
"unopinioned_hartebeest",NA,NA,NA,NA,NA,"Two year old","Adult","Adult","Adult","Adult","Adult","Adult","Adult","Adult","Adult"
"proposed_sponge",NA,NA,NA,NA,NA,"Two year old","Adult","Adult","Adult","Adult","Adult","Adult","Adult","Adult","Adult"
"robotlike_iridescentshark",NA,NA,NA,NA,NA,"Two year old","Adult","Adult","Adult","Adult","Adult","Adult","Adult","Adult","Adult"
"acidfast_pooch",NA,NA,NA,NA,NA,"Two year old","Adult","Adult","Adult","Adult","Adult","Adult","Adult","Adult","Adult"
"indigenous_neondwarfgourami",NA,NA,NA,NA,NA,NA,"Two year old","Adult","Adult","Adult","Adult","Adult","Adult","Adult","Adult"
"petalled_xuanhanosaurus",NA,NA,NA,NA,NA,NA,"Two year old","Adult","Adult","Adult","Adult","Adult","Adult","Adult","Adult"
"durable_ibex",NA,NA,NA,NA,NA,NA,"Two year old","Adult","Adult","Adult","Adult","Adult","Adult","Adult","Adult"
"rheophilic_guineafowl",NA,NA,NA,NA,NA,NA,"Two year old","Adult","Adult","Adult","Adult","Adult","Adult","Adult","Adult"
"greedsome_tarantula",NA,NA,NA,NA,NA,NA,"Two year old","Adult","Adult","Adult","Adult","Adult","Adult","Adult","Adult"
"cosmographical_guillemot",NA,NA,NA,NA,NA,NA,NA,"Two year old","Adult","Adult","Adult","Adult","Adult","Adult","Adult"
"stigmatophilic_sandpiper",NA,NA,NA,NA,NA,NA,NA,NA,"Two year old","Adult","Adult","Adult","Adult","Adult","Adult"
"censorable_kestrel",NA,NA,NA,NA,NA,NA,NA,NA,"Two year old","Adult","Adult","Adult","Adult","Adult","Adult"
"striking_nilgai",NA,NA,NA,NA,NA,NA,NA,NA,"Two year old","Adult","Adult","Adult","Adult","Adult","Adult"
"ghostlike_snail",NA,NA,NA,NA,NA,NA,NA,NA,NA,"Two year old","Adult","Adult","Adult","Adult","Adult"
"exacting_flea",NA,NA,NA,NA,NA,NA,NA,NA,NA,"Two year old","Adult","Adult","Adult","Adult","Adult"
"pithikosophilic_phoebe",NA,NA,NA,NA,NA,NA,NA,NA,NA,"Two year old","Adult","Adult","Adult","Adult","Adult"
"ignored_illadopsis",NA,NA,NA,NA,NA,NA,NA,NA,NA,"Two year old","Adult","Adult","Adult","Adult","Adult"
"literalminded_nauplius",NA,NA,NA,NA,NA,NA,NA,NA,NA,"Two year old","Adult","Adult","Adult","Adult","Adult"
"troglodytical_fruitfly",NA,NA,NA,NA,NA,NA,NA,NA,NA,"Two year old","Adult","Adult","Adult","Adult","Adult"
"defaceable_tapeworm",NA,NA,NA,NA,NA,NA,NA,NA,NA,"Two year old","Adult","Adult","Adult","Adult","Adult"
"uncreative_mammoth",NA,NA,NA,NA,NA,NA,NA,NA,NA,NA,"Two year old","Adult","Adult","Adult","Adult"
"antidemocratical_abyssiniancat",NA,NA,NA,NA,NA,NA,NA,NA,NA,NA,"Two year old","Adult","Adult","Adult","Adult"
"ermined_watermoccasin",NA,NA,NA,NA,NA,NA,NA,NA,NA,NA,"Two year old","Adult","Adult","Adult","Adult"
"nonallergenic_hind",NA,NA,NA,NA,NA,NA,NA,NA,NA,NA,"Two year old","Adult","Adult","Adult","Adult"
"premedical_mammal",NA,NA,NA,NA,NA,NA,NA,NA,NA,NA,NA,"Two year old","Adult","Adult","Adult"
"brilliant_eidolonhelvum",NA,NA,NA,NA,NA,NA,NA,NA,NA,NA,NA,"Two year old","Adult","Adult","Adult"
"beeswax_kissingbug",NA,NA,NA,NA,NA,NA,NA,NA,NA,NA,NA,NA,"Two year old","Adult","Adult"
"wheezy_arrowana",NA,NA,NA,NA,NA,NA,NA,NA,NA,NA,NA,NA,"Two year old","Adult","Adult"
"intranational_zebratailedlizard",NA,NA,NA,NA,NA,NA,NA,NA,NA,NA,NA,NA,"Two year old","Adult","Adult"
"humdrum_tadpole",NA,NA,NA,NA,NA,NA,NA,NA,NA,NA,NA,NA,"Two year old","Adult","Adult"
"elaborate_stud",NA,NA,NA,NA,NA,NA,NA,NA,NA,NA,NA,NA,"Two year old","Adult","Adult"
"slumberless_dolphin",NA,NA,NA,NA,NA,NA,NA,NA,NA,NA,NA,NA,NA,"Two year old","Adult"
"burly_douglasfirbarkbeetle",NA,NA,NA,NA,NA,NA,NA,NA,NA,NA,NA,NA,NA,"Two year old","Adult"
"jade_kookaburra",NA,NA,NA,NA,NA,NA,NA,NA,NA,NA,NA,NA,NA,"Two year old","Adult"
"peaceful_aegeancat",NA,NA,NA,NA,NA,NA,NA,NA,NA,NA,NA,NA,NA,"Two year old","Adult"
"depressive_chrysalis",NA,NA,NA,NA,NA,NA,NA,NA,NA,NA,NA,NA,NA,"Two year old","Adult"
"antimonarchy_stilt",NA,NA,NA,NA,NA,NA,NA,NA,NA,NA,NA,NA,NA,NA,"Two year old"
"sugarcane_ragfish",NA,NA,NA,NA,NA,NA,NA,NA,NA,NA,NA,NA,NA,NA,"Two year old"
"linty_bats",NA,NA,NA,NA,NA,NA,NA,NA,NA,NA,NA,NA,NA,NA,"Two year old"
"zincic_asiaticwildass",NA,NA,NA,NA,NA,NA,NA,NA,NA,NA,NA,NA,NA,NA,"Two year old"
"ratlike_hylaeosaurus",NA,NA,NA,NA,NA,NA,NA,NA,NA,NA,NA,NA,NA,NA,"Two year old"
"abyssal_lice",NA,NA,NA,NA,NA,NA,NA,NA,NA,NA,NA,NA,NA,NA,"Two year old"
"sketchy_alligator",NA,NA,NA,NA,NA,NA,NA,NA,NA,NA,NA,NA,NA,NA,"Two year old"
"bossy_flycatcher","Adult","Adult","Adult","Adult","Adult","Adult","Adult","Adult","Adult","Adult","Adult","Adult","Adult","Adult","Adult"
"algophobic_tilefish","Adult","Adult","Adult","Adult","Adult","Adult","Adult","Adult","Adult","Adult","Adult","Adult","Adult","Adult","Adult"
"culinary_baiji","Adult","Adult","Adult","Adult","Adult","Adult","Adult","Adult","Adult","Adult","Adult","Adult","Adult","Adult","Adult"
"nonritualistic_dorking","Adult","Adult","Adult","Adult","Adult","Adult","Adult","Adult","Adult","Adult","Adult","Adult","Adult","Adult","Adult"
"limy_siamesecat","Adult","Adult","Adult","Adult","Adult","Adult","Adult","Adult","Adult","Adult","Adult","Adult","Adult","Adult","Adult"
"dialectal_dikkops","Adult","Adult","Adult","Adult","Adult","Adult","Adult","Adult","Adult","Adult","Adult","Adult","Adult","Adult","Adult"
"puzzled_skua","Adult","Adult","Adult","Adult","Adult","Adult","Adult","Adult","Adult","Adult","Adult","Adult","Adult","Adult","Adult"
"animalistic_australiancattledog","Adult","Adult","Adult","Adult","Adult","Adult","Adult","Adult","Adult","Adult","Adult","Adult","Adult","Adult","Adult"
"peridotite_americanriverotter","Adult","Adult","Adult","Adult","Adult","Adult","Adult","Adult","Adult","Adult","Adult","Adult","Adult","Adult","Adult"
"jagged_jaeger","Adult","Adult","Adult","Adult","Adult","Adult","Adult","Adult","Adult","Adult","Adult","Adult","Adult","Adult","Adult"
"reconcilable_admiralbutterfly","Adult","Adult","Adult","Adult","Adult","Adult","Adult","Adult","Adult","Adult","Adult","Adult","Adult","Adult","Adult"
"agrologic_mollusk","Adult","Adult","Adult","Adult","Adult","Adult","Adult","Adult","Adult","Adult","Adult","Adult","Adult","Adult","Adult"
"cardiotonic_woodcock","Adult","Adult","Adult","Adult","Adult","Adult","Adult","Adult","Adult","Adult","Adult","Adult","Adult","Adult","Adult"
"steep_yosemitetoad","Adult","Adult","Adult","Adult","Adult","Adult","Adult","Adult","Adult","Adult","Adult","Adult","Adult","Adult","Adult"
"coed_skimmer","Adult","Adult","Adult","Adult","Adult","Adult","Adult","Adult","Adult","Adult","Adult","Adult","Adult","Adult","Adult"
"amethystine_coyote","Adult","Adult","Adult","Adult","Adult","Adult","Adult","Adult","Adult","Adult","Adult","Adult","Adult","Adult","Adult"
"goodnatured_pinkriverdolphin","Adult","Adult","Adult","Adult","Adult","Adult","Adult","Adult","Adult","Adult","Adult","Adult","Adult","Adult","Adult"
"nonscientific_goosefish","Adult","Adult","Adult","Adult","Adult","Adult","Adult","Adult","Adult","Adult","Adult","Adult","Adult","Adult","Adult"
"calicoed_xuanhanosaurus","Adult","Adult","Adult","Adult","Adult","Adult","Adult","Adult","Adult","Adult","Adult","Adult","Adult","Adult","Adult"
"corking_indianspinyloach","Adult","Adult","Adult","Adult","Adult","Adult","Adult","Adult","Adult","Adult","Adult","Adult","Adult","Adult","Adult"
"employable_xenopus","Adult","Adult","Adult","Adult","Adult","Adult","Adult","Adult","Adult","Adult","Adult","Adult","Adult","Adult","Adult"
"dissentient_thunderbird","Adult","Adult","Adult","Adult","Adult","Adult","Adult","Adult","Adult","Adult","Adult","Adult","Adult","Adult","Adult"
"paper_weaverbird","Adult","Adult","Adult","Adult","Adult","Adult","Adult","Adult","Adult","Adult","Adult","Adult","Adult","Adult","Adult"
"anatomical_mare","Adult","Adult","Adult","Adult","Adult","Adult","Adult","Adult","Adult","Adult","Adult","Adult","Adult","Adult","Adult"
"emancipatory_xerus",NA,"Adult","Adult","Adult","Adult","Adult","Adult","Adult","Adult","Adult","Adult","Adult","Adult","Adult","Adult"
"undestroyed_grebe",NA,"Adult","Adult","Adult","Adult","Adult","Adult","Adult","Adult","Adult","Adult","Adult","Adult","Adult","Adult"
"webby_sow",NA,"Adult","Adult","Adult","Adult","Adult","Adult","Adult","Adult","Adult","Adult","Adult","Adult","Adult","Adult"
"factorable_amurminnow",NA,"Adult","Adult","Adult","Adult","Adult","Adult","Adult","Adult","Adult","Adult","Adult","Adult","Adult","Adult"
"patriarchic_woollybearcaterpillar",NA,"Adult","Adult","Adult","Adult","Adult","Adult","Adult","Adult","Adult","Adult","Adult","Adult","Adult","Adult"
"tame_amphibian",NA,"Adult","Adult","Adult","Adult","Adult","Adult","Adult","Adult","Adult","Adult","Adult","Adult","Adult","Adult"
"mobile_seamonkey",NA,"Adult","Adult","Adult","Adult","Adult","Adult","Adult","Adult","Adult","Adult","Adult","Adult","Adult","Adult"
"cantankerous_blacklab",NA,"Adult","Adult","Adult","Adult","Adult","Adult","Adult","Adult","Adult","Adult","Adult","Adult","Adult","Adult"
"pitiful_andeancondor",NA,"Adult","Adult","Adult","Adult","Adult","Adult","Adult","Adult","Adult","Adult","Adult","Adult","Adult","Adult"
"wrinkleable_irishwaterspaniel",NA,"Adult","Adult","Adult","Adult","Adult","Adult","Adult","Adult","Adult","Adult","Adult","Adult","Adult","Adult"
"sacrilegious_wyvern",NA,"Adult","Adult","Adult","Adult","Adult","Adult","Adult","Adult","Adult","Adult","Adult","Adult","Adult","Adult"
"melodious_nauplius",NA,"Adult","Adult","Adult","Adult","Adult","Adult","Adult","Adult","Adult","Adult","Adult","Adult","Adult","Adult"
"parenthetical_irishredandwhitesetter",NA,"Adult","Adult","Adult","Adult","Adult","Adult","Adult","Adult","Adult","Adult","Adult","Adult","Adult","Adult"
"amenable_skimmer",NA,"Adult","Adult","Adult","Adult","Adult","Adult","Adult","Adult","Adult","Adult","Adult","Adult","Adult","Adult"
"sulfuric_herald",NA,"Adult","Adult","Adult","Adult","Adult","Adult","Adult","Adult","Adult","Adult","Adult","Adult","Adult","Adult"
"cetologic_americanindianhorse",NA,"Adult","Adult","Adult","Adult","Adult","Adult","Adult","Adult","Adult","Adult","Adult","Adult","Adult","Adult"
"winged_verdin",NA,"Adult","Adult","Adult","Adult","Adult","Adult","Adult","Adult","Adult","Adult","Adult","Adult","Adult","Adult"
"deceased_blackbuck",NA,"Adult","Adult","Adult","Adult","Adult","Adult","Adult","Adult","Adult","Adult","Adult","Adult","Adult","Adult"
"stealthless_kinglet",NA,"Adult","Adult","Adult","Adult","Adult","Adult","Adult","Adult","Adult","Adult","Adult","Adult","Adult","Adult"
"cheap_motmot",NA,"Adult","Adult","Adult","Adult","Adult","Adult","Adult","Adult","Adult","Adult","Adult","Adult","Adult","Adult"
"sinking_calf",NA,"Adult","Adult","Adult","Adult","Adult","Adult","Adult","Adult","Adult","Adult","Adult","Adult","Adult","Adult"
"callous_chamois",NA,"Adult","Adult","Adult","Adult","Adult","Adult","Adult","Adult","Adult","Adult","Adult","Adult","Adult","Adult"
"retaliatory_arrowworm",NA,"Adult","Adult","Adult","Adult","Adult","Adult","Adult","Adult","Adult","Adult","Adult","Adult","Adult","Adult"
"adrenal_chihuahua",NA,"Adult","Adult","Adult","Adult","Adult","Adult","Adult","Adult","Adult","Adult","Adult","Adult","Adult","Adult"
"barbarian_coyote",NA,"Adult","Adult","Adult","Adult","Adult","Adult","Adult","Adult","Adult","Adult","Adult","Adult","Adult","Adult"
"administrative_equestrian",NA,"Adult","Adult","Adult","Adult","Adult","Adult","Adult","Adult","Adult","Adult","Adult","Adult","Adult","Adult"
"sensualist_booby",NA,"Adult","Adult","Adult","Adult","Adult","Adult","Adult","Adult","Adult","Adult","Adult","Adult","Adult","Adult"
"peaceable_killerwhale",NA,"Adult","Adult","Adult","Adult","Adult","Adult","Adult","Adult","Adult","Adult","Adult","Adult","Adult","Adult"
"selfexistent_tigerbeetle",NA,"Adult","Adult","Adult","Adult","Adult","Adult","Adult","Adult","Adult","Adult","Adult","Adult","Adult","Adult"
"gastrovascular_vulpesvulpes",NA,NA,"Adult","Adult","Adult","Adult","Adult","Adult","Adult","Adult","Adult","Adult","Adult","Adult","Adult"
"incapable_manta",NA,NA,"Adult","Adult","Adult","Adult","Adult","Adult","Adult","Adult","Adult","Adult","Adult","Adult","Adult"
"contentable_thunderbird",NA,NA,"Adult","Adult","Adult","Adult","Adult","Adult","Adult","Adult","Adult","Adult","Adult","Adult","Adult"
"semiparalysis_flyinglemur",NA,NA,"Adult","Adult","Adult","Adult","Adult","Adult","Adult","Adult","Adult","Adult","Adult","Adult","Adult"
"controlless_nightcrawler",NA,NA,"Adult","Adult","Adult","Adult","Adult","Adult","Adult","Adult","Adult","Adult","Adult","Adult","Adult"
"exact_alaskanhusky",NA,NA,"Adult","Adult","Adult","Adult","Adult","Adult","Adult","Adult","Adult","Adult","Adult","Adult","Adult"
"local_monkey",NA,NA,"Adult","Adult","Adult","Adult","Adult","Adult","Adult","Adult","Adult","Adult","Adult","Adult","Adult"
"leathery_spider",NA,NA,"Adult","Adult","Adult","Adult","Adult","Adult","Adult","Adult","Adult","Adult","Adult","Adult","Adult"
"psychotherapeutic_millipede",NA,NA,"Adult","Adult","Adult","Adult","Adult","Adult","Adult","Adult","Adult","Adult","Adult","Adult","Adult"
"venomous_javalina",NA,NA,"Adult","Adult","Adult","Adult","Adult","Adult","Adult","Adult","Adult","Adult","Adult","Adult","Adult"
"cursorial_ringworm",NA,NA,"Adult","Adult","Adult","Adult","Adult","Adult","Adult","Adult","Adult","Adult","Adult","Adult","Adult"
"fretful_ox",NA,NA,"Adult","Adult","Adult","Adult","Adult","Adult","Adult","Adult","Adult","Adult","Adult","Adult","Adult"
"geological_mallard",NA,NA,"Adult","Adult","Adult","Adult","Adult","Adult","Adult","Adult","Adult","Adult","Adult","Adult","Adult"
"starstudded_peccary",NA,NA,"Adult","Adult","Adult","Adult","Adult","Adult","Adult","Adult","Adult","Adult","Adult","Adult","Adult"
"homebred_icelandichorse",NA,NA,"Adult","Adult","Adult","Adult","Adult","Adult","Adult","Adult","Adult","Adult","Adult","Adult","Adult"
"nondemocratical_xantus",NA,NA,"Adult","Adult","Adult","Adult","Adult","Adult","Adult","Adult","Adult","Adult","Adult","Adult","Adult"
"gladiatorial_pterodactyls",NA,NA,"Adult","Adult","Adult","Adult","Adult","Adult","Adult","Adult","Adult","Adult","Adult","Adult","Adult"
"sticky_zebradove",NA,NA,"Adult","Adult","Adult","Adult","Adult","Adult","Adult","Adult","Adult","Adult","Adult","Adult","Adult"
"finical_ivorygull",NA,NA,"Adult","Adult","Adult","Adult","Adult","Adult","Adult","Adult","Adult","Adult","Adult","Adult","Adult"
"unluxuriant_virginiaopossum",NA,NA,"Adult","Adult","Adult","Adult","Adult","Adult","Adult","Adult","Adult","Adult","Adult","Adult","Adult"
"electrostatic_sambar",NA,NA,"Adult","Adult","Adult","Adult","Adult","Adult","Adult","Adult","Adult","Adult","Adult","Adult","Adult"
"cankerous_blacknorwegianelkhound",NA,NA,"Adult","Adult","Adult","Adult","Adult","Adult","Adult","Adult","Adult","Adult","Adult","Adult","Adult"
"fluorescent_fantail",NA,NA,"Adult","Adult","Adult","Adult","Adult","Adult","Adult","Adult","Adult","Adult","Adult","Adult","Adult"
"colouristic_hyena",NA,NA,"Adult","Adult","Adult","Adult","Adult","Adult","Adult","Adult","Adult","Adult","Adult","Adult","Adult"
"stilllife_dassie",NA,NA,"Adult","Adult","Adult","Adult","Adult","Adult","Adult","Adult","Adult","Adult","Adult","Adult","Adult"
"celllike_nightheron",NA,NA,"Adult","Adult","Adult","Adult","Adult","Adult","Adult","Adult","Adult","Adult","Adult","Adult","Adult"
"minuscular_cats",NA,NA,NA,"Adult","Adult","Adult","Adult","Adult","Adult","Adult","Adult","Adult","Adult","Adult","Adult"
"dendric_irishwaterspaniel",NA,NA,NA,"Adult","Adult","Adult","Adult","Adult","Adult","Adult","Adult","Adult","Adult","Adult","Adult"
"pentagonoid_argali",NA,NA,NA,"Adult","Adult","Adult","Adult","Adult","Adult","Adult","Adult","Adult","Adult","Adult","Adult"
"pedagogish_bighornsheep",NA,NA,NA,"Adult","Adult","Adult","Adult","Adult","Adult","Adult","Adult","Adult","Adult","Adult","Adult"
"ornate_skipper",NA,NA,NA,"Adult","Adult","Adult","Adult","Adult","Adult","Adult","Adult","Adult","Adult","Adult","Adult"
"deflectable_zigzagsalamander",NA,NA,NA,"Adult","Adult","Adult","Adult","Adult","Adult","Adult","Adult","Adult","Adult","Adult","Adult"
"irritated_porpoise",NA,NA,NA,"Adult","Adult","Adult","Adult","Adult","Adult","Adult","Adult","Adult","Adult","Adult","Adult"
"psychasthenic_ant",NA,NA,NA,"Adult","Adult","Adult","Adult","Adult","Adult","Adult","Adult","Adult","Adult","Adult","Adult"
"stable_gemsbok",NA,NA,NA,"Adult","Adult","Adult","Adult","Adult","Adult","Adult","Adult","Adult","Adult","Adult","Adult"
"unamused_chimpanzee",NA,NA,NA,"Adult","Adult","Adult","Adult","Adult","Adult","Adult","Adult","Adult","Adult","Adult","Adult"
"fibrous_shark",NA,NA,NA,"Adult","Adult","Adult","Adult","Adult","Adult","Adult","Adult","Adult","Adult","Adult","Adult"
"uncertain_amberpenshell",NA,NA,NA,"Adult","Adult","Adult","Adult","Adult","Adult","Adult","Adult","Adult","Adult","Adult","Adult"
"homemade_nandine",NA,NA,NA,"Adult","Adult","Adult","Adult","Adult","Adult","Adult","Adult","Adult","Adult","Adult","Adult"
"pseudodivine_mussel",NA,NA,NA,"Adult","Adult","Adult","Adult","Adult","Adult","Adult","Adult","Adult","Adult","Adult","Adult"
"confident_boa",NA,NA,NA,"Adult","Adult","Adult","Adult","Adult","Adult","Adult","Adult","Adult","Adult","Adult","Adult"
"disquieting_buffalo",NA,NA,NA,"Adult","Adult","Adult","Adult","Adult","Adult","Adult","Adult","Adult","Adult","Adult","Adult"
"nonintrospective_goldfish",NA,NA,NA,"Adult","Adult","Adult","Adult","Adult","Adult","Adult","Adult","Adult","Adult","Adult","Adult"
"illgotten_snipe",NA,NA,NA,"Adult","Adult","Adult","Adult","Adult","Adult","Adult","Adult","Adult","Adult","Adult","Adult"
"vanitied_xenopus",NA,NA,NA,"Adult","Adult","Adult","Adult","Adult","Adult","Adult","Adult","Adult","Adult","Adult","Adult"
"sequined_gallinule",NA,NA,NA,"Adult","Adult","Adult","Adult","Adult","Adult","Adult","Adult","Adult","Adult","Adult","Adult"
"unnationalised_avocet",NA,NA,NA,"Adult","Adult","Adult","Adult","Adult","Adult","Adult","Adult","Adult","Adult","Adult","Adult"
"diamantiferous_antbear",NA,NA,NA,"Adult","Adult","Adult","Adult","Adult","Adult","Adult","Adult","Adult","Adult","Adult","Adult"
"comedial_prayingmantid",NA,NA,NA,NA,"Adult","Adult","Adult","Adult","Adult","Adult","Adult","Adult","Adult","Adult","Adult"
"androphagous_coypu",NA,NA,NA,NA,"Adult","Adult","Adult","Adult","Adult","Adult","Adult","Adult","Adult","Adult","Adult"
"moneygrubbing_velvetcrab",NA,NA,NA,NA,"Adult","Adult","Adult","Adult","Adult","Adult","Adult","Adult","Adult","Adult","Adult"
"pseudozoological_avocet",NA,NA,NA,NA,"Adult","Adult","Adult","Adult","Adult","Adult","Adult","Adult","Adult","Adult","Adult"
"bacteriophobic_scoter",NA,NA,NA,NA,"Adult","Adult","Adult","Adult","Adult","Adult","Adult","Adult","Adult","Adult","Adult"
"reedy_queensnake",NA,NA,NA,NA,"Adult","Adult","Adult","Adult","Adult","Adult","Adult","Adult","Adult","Adult","Adult"
"minimal_mouse",NA,NA,NA,NA,"Adult","Adult","Adult","Adult","Adult","Adult","Adult","Adult","Adult","Adult","Adult"
"mammoth_carpenterant",NA,NA,NA,NA,"Adult","Adult","Adult","Adult","Adult","Adult","Adult","Adult","Adult","Adult","Adult"
"euphoric_puffin",NA,NA,NA,NA,"Adult","Adult","Adult","Adult","Adult","Adult","Adult","Adult","Adult","Adult","Adult"
"atrophic_snowgeese",NA,NA,NA,NA,"Adult","Adult","Adult","Adult","Adult","Adult","Adult","Adult","Adult","Adult","Adult"
"spotty_smew",NA,NA,NA,NA,"Adult","Adult","Adult","Adult","Adult","Adult","Adult","Adult","Adult","Adult","Adult"
"slim_zenaida",NA,NA,NA,NA,"Adult","Adult","Adult","Adult","Adult","Adult","Adult","Adult","Adult","Adult","Adult"
"unsuitable_redheadedwoodpecker",NA,NA,NA,NA,"Adult","Adult","Adult","Adult","Adult","Adult","Adult","Adult","Adult","Adult","Adult"
"curmudgeonly_norwaylobster",NA,NA,NA,NA,"Adult","Adult","Adult","Adult","Adult","Adult","Adult","Adult","Adult","Adult","Adult"
"juicy_spoonbill",NA,NA,NA,NA,"Adult","Adult","Adult","Adult","Adult","Adult","Adult","Adult","Adult","Adult","Adult"
"gynephilic_mussel",NA,NA,NA,NA,"Adult","Adult","Adult","Adult","Adult","Adult","Adult","Adult","Adult","Adult","Adult"
"gorgeous_stinkbug",NA,NA,NA,NA,"Adult","Adult","Adult","Adult","Adult","Adult","Adult","Adult","Adult","Adult","Adult"
"craniate_cobra",NA,NA,NA,NA,"Adult","Adult","Adult","Adult","Adult","Adult","Adult","Adult","Adult","Adult","Adult"
"bohrium_booby",NA,NA,NA,NA,"Adult","Adult","Adult","Adult","Adult","Adult","Adult","Adult","Adult","Adult","Adult"
"surprising_oryx",NA,NA,NA,NA,"Adult","Adult","Adult","Adult","Adult","Adult","Adult","Adult","Adult","Adult","Adult"
"psychoactive_gallowaycow",NA,NA,NA,NA,"Adult","Adult","Adult","Adult","Adult","Adult","Adult","Adult","Adult","Adult","Adult"
"wholesome_cicada",NA,NA,NA,NA,"Adult","Adult","Adult","Adult","Adult","Adult","Adult","Adult","Adult","Adult","Adult"
"antipestilential_auklet",NA,NA,NA,NA,"Adult","Adult","Adult","Adult","Adult","Adult","Adult","Adult","Adult","Adult","Adult"
"subjective_jaeger",NA,NA,NA,NA,"Adult","Adult","Adult","Adult","Adult","Adult","Adult","Adult","Adult","Adult","Adult"
"vulcanian_peafowl",NA,NA,NA,NA,"Adult","Adult","Adult","Adult","Adult","Adult","Adult","Adult","Adult","Adult","Adult"
"telekinetic_elkhound",NA,NA,NA,NA,NA,"Adult","Adult","Adult","Adult","Adult","Adult","Adult","Adult","Adult","Adult"
"wellunderstood_spittlebug",NA,NA,NA,NA,NA,"Adult","Adult","Adult","Adult","Adult","Adult","Adult","Adult","Adult","Adult"
"puzzling_tuatara",NA,NA,NA,NA,NA,"Adult","Adult","Adult","Adult","Adult","Adult","Adult","Adult","Adult","Adult"
"expediential_primate",NA,NA,NA,NA,NA,"Adult","Adult","Adult","Adult","Adult","Adult","Adult","Adult","Adult","Adult"
"photographic_wallaroo",NA,NA,NA,NA,NA,"Adult","Adult","Adult","Adult","Adult","Adult","Adult","Adult","Adult","Adult"
"subordinate_xrayfish",NA,NA,NA,NA,NA,"Adult","Adult","Adult","Adult","Adult","Adult","Adult","Adult","Adult","Adult"
"girlish_amberpenshell",NA,NA,NA,NA,NA,"Adult","Adult","Adult","Adult","Adult","Adult","Adult","Adult","Adult","Adult"
"reponsible_andeancockoftherock",NA,NA,NA,NA,NA,"Adult","Adult","Adult","Adult","Adult","Adult","Adult","Adult","Adult","Adult"
"frizzy_birdofparadise",NA,NA,NA,NA,NA,"Adult","Adult","Adult","Adult","Adult","Adult","Adult","Adult","Adult","Adult"
"incontinuous_bullfrog",NA,NA,NA,NA,NA,"Adult","Adult","Adult","Adult","Adult","Adult","Adult","Adult","Adult","Adult"
"statuelike_bunting",NA,NA,NA,NA,NA,"Adult","Adult","Adult","Adult","Adult","Adult","Adult","Adult","Adult","Adult"
"captivating_duckbillcat",NA,NA,NA,NA,NA,"Adult","Adult","Adult","Adult","Adult","Adult","Adult","Adult","Adult","Adult"
"sandstone_stingray",NA,NA,NA,NA,NA,"Adult","Adult","Adult","Adult","Adult","Adult","Adult","Adult","Adult","Adult"
"unsocial_japanesebeetle",NA,NA,NA,NA,NA,"Adult","Adult","Adult","Adult","Adult","Adult","Adult","Adult","Adult","Adult"
"flat_kingsnake",NA,NA,NA,NA,NA,"Adult","Adult","Adult","Adult","Adult","Adult","Adult","Adult","Adult","Adult"
"baccivorous_ewe",NA,NA,NA,NA,NA,"Adult","Adult","Adult","Adult","Adult","Adult","Adult","Adult","Adult","Adult"
"nutritional_avocet",NA,NA,NA,NA,NA,"Adult","Adult","Adult","Adult","Adult","Adult","Adult","Adult","Adult","Adult"
"unidentified_urva",NA,NA,NA,NA,NA,"Adult","Adult","Adult","Adult","Adult","Adult","Adult","Adult","Adult","Adult"
"ashen_nandine",NA,NA,NA,NA,NA,"Adult","Adult","Adult","Adult","Adult","Adult","Adult","Adult","Adult","Adult"
"digestional_loggerheadturtle",NA,NA,NA,NA,NA,"Adult","Adult","Adult","Adult","Adult","Adult","Adult","Adult","Adult","Adult"
"stunty_inganue",NA,NA,NA,NA,NA,"Adult","Adult","Adult","Adult","Adult","Adult","Adult","Adult","Adult","Adult"
"choleric_flickertailsquirrel",NA,NA,NA,NA,NA,"Adult","Adult","Adult","Adult","Adult","Adult","Adult","Adult","Adult","Adult"
"flamboyant_barnacle",NA,NA,NA,NA,NA,"Adult","Adult","Adult","Adult","Adult","Adult","Adult","Adult","Adult","Adult"
"unarithmetical_seahorse",NA,NA,NA,NA,NA,"Adult","Adult","Adult","Adult","Adult","Adult","Adult","Adult","Adult","Adult"
"deprecatory_archaeocete",NA,NA,NA,NA,NA,"Adult","Adult","Adult","Adult","Adult","Adult","Adult","Adult","Adult","Adult"
"trimetallic_python",NA,NA,NA,NA,NA,NA,"Adult","Adult","Adult","Adult","Adult","Adult","Adult","Adult","Adult"
"declarative_ovenbird",NA,NA,NA,NA,NA,NA,"Adult","Adult","Adult","Adult","Adult","Adult","Adult","Adult","Adult"
"dolostone_maggot",NA,NA,NA,NA,NA,NA,"Adult","Adult","Adult","Adult","Adult","Adult","Adult","Adult","Adult"
"mighty_mantid",NA,NA,NA,NA,NA,NA,"Adult","Adult","Adult","Adult","Adult","Adult","Adult","Adult","Adult"
"stunty_nubiangoat",NA,NA,NA,NA,NA,NA,"Adult","Adult","Adult","Adult","Adult","Adult","Adult","Adult","Adult"
"asphyxiated_alaskankleekai",NA,NA,NA,NA,NA,NA,"Adult","Adult","Adult","Adult","Adult","Adult","Adult","Adult","Adult"
"covetable_walkingstick",NA,NA,NA,NA,NA,NA,"Adult","Adult","Adult","Adult","Adult","Adult","Adult","Adult","Adult"
"humiliated_icelandicsheepdog",NA,NA,NA,NA,NA,NA,"Adult","Adult","Adult","Adult","Adult","Adult","Adult","Adult","Adult"
"roentgenium_cur",NA,NA,NA,NA,NA,NA,"Adult","Adult","Adult","Adult","Adult","Adult","Adult","Adult","Adult"
"uniliteral_americanrobin",NA,NA,NA,NA,NA,NA,"Adult","Adult","Adult","Adult","Adult","Adult","Adult","Adult","Adult"
"nonpsychoanalytical_asianporcupine",NA,NA,NA,NA,NA,NA,"Adult","Adult","Adult","Adult","Adult","Adult","Adult","Adult","Adult"
"sloppy_pacificparrotlet",NA,NA,NA,NA,NA,NA,"Adult","Adult","Adult","Adult","Adult","Adult","Adult","Adult","Adult"
"dialectical_cardinal",NA,NA,NA,NA,NA,NA,"Adult","Adult","Adult","Adult","Adult","Adult","Adult","Adult","Adult"
"pleasant_ibizanhound",NA,NA,NA,NA,NA,NA,"Adult","Adult","Adult","Adult","Adult","Adult","Adult","Adult","Adult"
"feudalist_eeve",NA,NA,NA,NA,NA,NA,"Adult","Adult","Adult","Adult","Adult","Adult","Adult","Adult","Adult"
"portly_marlin",NA,NA,NA,NA,NA,NA,"Adult","Adult","Adult","Adult","Adult","Adult","Adult","Adult","Adult"
"gullible_germanshorthairedpointer",NA,NA,NA,NA,NA,NA,"Adult","Adult","Adult","Adult","Adult","Adult","Adult","Adult","Adult"
"adventuresome_whitetaileddeer",NA,NA,NA,NA,NA,NA,"Adult","Adult","Adult","Adult","Adult","Adult","Adult","Adult","Adult"
"sinless_archerfish",NA,NA,NA,NA,NA,NA,"Adult","Adult","Adult","Adult","Adult","Adult","Adult","Adult","Adult"
"paediatric_barnacle",NA,NA,NA,NA,NA,NA,"Adult","Adult","Adult","Adult","Adult","Adult","Adult","Adult","Adult"
"extreme_ptarmigan",NA,NA,NA,NA,NA,NA,"Adult","Adult","Adult","Adult","Adult","Adult","Adult","Adult","Adult"
"jeanlike_leopard",NA,NA,NA,NA,NA,NA,"Adult","Adult","Adult","Adult","Adult","Adult","Adult","Adult","Adult"
"sentimental_whapuku",NA,NA,NA,NA,NA,NA,"Adult","Adult","Adult","Adult","Adult","Adult","Adult","Adult","Adult"
"steep_verdin",NA,NA,NA,NA,NA,NA,"Adult","Adult","Adult","Adult","Adult","Adult","Adult","Adult","Adult"
"decipherable_duckbillplatypus",NA,NA,NA,NA,NA,NA,"Adult","Adult","Adult","Adult","Adult","Adult","Adult","Adult","Adult"
"nontheologic_hackee",NA,NA,NA,NA,NA,NA,"Adult","Adult","Adult","Adult","Adult","Adult","Adult","Adult","Adult"
"feldspar_bobcat",NA,NA,NA,NA,NA,NA,"Adult","Adult","Adult","Adult","Adult","Adult","Adult","Adult","Adult"
"paleobiological_hairstreakbutterfly",NA,NA,NA,NA,NA,NA,"Adult","Adult","Adult","Adult","Adult","Adult","Adult","Adult","Adult"
"promethean_racerunner",NA,NA,NA,NA,NA,NA,"Adult","Adult","Adult","Adult","Adult","Adult","Adult","Adult","Adult"
"undamaging_blackwidowspider",NA,NA,NA,NA,NA,NA,"Adult","Adult","Adult","Adult","Adult","Adult","Adult","Adult","Adult"
"scribblenautilogical_americanredsquirrel",NA,NA,NA,NA,NA,NA,"Adult","Adult","Adult","Adult","Adult","Adult","Adult","Adult","Adult"
"longterm_conure",NA,NA,NA,NA,NA,NA,"Adult","Adult","Adult","Adult","Adult","Adult","Adult","Adult","Adult"
"superstylish_eastrussiancoursinghounds",NA,NA,NA,NA,NA,NA,"Adult","Adult","Adult","Adult","Adult","Adult","Adult","Adult","Adult"
"readaptable_liger",NA,NA,NA,NA,NA,NA,"Adult","Adult","Adult","Adult","Adult","Adult","Adult","Adult","Adult"
"controvertible_flea",NA,NA,NA,NA,NA,NA,"Adult","Adult","Adult","Adult","Adult","Adult","Adult","Adult","Adult"
"transoceanic_amoeba",NA,NA,NA,NA,NA,NA,NA,"Adult","Adult","Adult","Adult","Adult","Adult","Adult","Adult"
"decontaminative_rhinoceros",NA,NA,NA,NA,NA,NA,NA,"Adult","Adult","Adult","Adult","Adult","Adult","Adult","Adult"
"quasiexistent_harvestmouse",NA,NA,NA,NA,NA,NA,NA,"Adult","Adult","Adult","Adult","Adult","Adult","Adult","Adult"
"antihuman_ghostshrimp",NA,NA,NA,NA,NA,NA,NA,"Adult","Adult","Adult","Adult","Adult","Adult","Adult","Adult"
"sandstone_solitaire",NA,NA,NA,NA,NA,NA,NA,"Adult","Adult","Adult","Adult","Adult","Adult","Adult","Adult"
"excessive_siberiantiger",NA,NA,NA,NA,NA,NA,NA,"Adult","Adult","Adult","Adult","Adult","Adult","Adult","Adult"
"preshrunk_virginiaopossum",NA,NA,NA,NA,NA,NA,NA,"Adult","Adult","Adult","Adult","Adult","Adult","Adult","Adult"
"dilapidated_urson",NA,NA,NA,NA,NA,NA,NA,"Adult","Adult","Adult","Adult","Adult","Adult","Adult","Adult"
"beaten_imperialeagle",NA,NA,NA,NA,NA,NA,NA,"Adult","Adult","Adult","Adult","Adult","Adult","Adult","Adult"
"superior_shelduck",NA,NA,NA,NA,NA,NA,NA,"Adult","Adult","Adult","Adult","Adult","Adult","Adult","Adult"
"spiritless_primate",NA,NA,NA,NA,NA,NA,NA,"Adult","Adult","Adult","Adult","Adult","Adult","Adult","Adult"
"demonic_diamondbackrattlesnake",NA,NA,NA,NA,NA,NA,NA,"Adult","Adult","Adult","Adult","Adult","Adult","Adult","Adult"
"disembodied_irrawaddydolphin",NA,NA,NA,NA,NA,NA,NA,"Adult","Adult","Adult","Adult","Adult","Adult","Adult","Adult"
"rightwing_iberianlynx",NA,NA,NA,NA,NA,NA,NA,"Adult","Adult","Adult","Adult","Adult","Adult","Adult","Adult"
"radiophobic_moth",NA,NA,NA,NA,NA,NA,NA,"Adult","Adult","Adult","Adult","Adult","Adult","Adult","Adult"
"configurative_nene",NA,NA,NA,NA,NA,NA,NA,"Adult","Adult","Adult","Adult","Adult","Adult","Adult","Adult"
"receivable_astarte",NA,NA,NA,NA,NA,NA,NA,"Adult","Adult","Adult","Adult","Adult","Adult","Adult","Adult"
"national_urson",NA,NA,NA,NA,NA,NA,NA,"Adult","Adult","Adult","Adult","Adult","Adult","Adult","Adult"
"middleclass_honeyeater",NA,NA,NA,NA,NA,NA,NA,"Adult","Adult","Adult","Adult","Adult","Adult","Adult","Adult"
"apocalyptic_boa",NA,NA,NA,NA,NA,NA,NA,"Adult","Adult","Adult","Adult","Adult","Adult","Adult","Adult"
"suave_jenny",NA,NA,NA,NA,NA,NA,NA,"Adult","Adult","Adult","Adult","Adult","Adult","Adult","Adult"
"feather_sow",NA,NA,NA,NA,NA,NA,NA,"Adult","Adult","Adult","Adult","Adult","Adult","Adult","Adult"
"consumptive_americancrow",NA,NA,NA,NA,NA,NA,NA,"Adult","Adult","Adult","Adult","Adult","Adult","Adult","Adult"
"brutish_wolfspider",NA,NA,NA,NA,NA,NA,NA,"Adult","Adult","Adult","Adult","Adult","Adult","Adult","Adult"
"premonarchal_bluemorphobutterfly",NA,NA,NA,NA,NA,NA,NA,"Adult","Adult","Adult","Adult","Adult","Adult","Adult","Adult"
"limitless_iridescentshark",NA,NA,NA,NA,NA,NA,NA,"Adult","Adult","Adult","Adult","Adult","Adult","Adult","Adult"
"shameless_arcticduck",NA,NA,NA,NA,NA,NA,NA,"Adult","Adult","Adult","Adult","Adult","Adult","Adult","Adult"
"minimal_zebu",NA,NA,NA,NA,NA,NA,NA,"Adult","Adult","Adult","Adult","Adult","Adult","Adult","Adult"
"glossy_urus",NA,NA,NA,NA,NA,NA,NA,NA,"Adult","Adult","Adult","Adult","Adult","Adult","Adult"
"unnational_indiancow",NA,NA,NA,NA,NA,NA,NA,NA,"Adult","Adult","Adult","Adult","Adult","Adult","Adult"
"reincarnated_salamander",NA,NA,NA,NA,NA,NA,NA,NA,"Adult","Adult","Adult","Adult","Adult","Adult","Adult"
"lustered_dobermanpinscher",NA,NA,NA,NA,NA,NA,NA,NA,"Adult","Adult","Adult","Adult","Adult","Adult","Adult"
"caustic_foal",NA,NA,NA,NA,NA,NA,NA,NA,"Adult","Adult","Adult","Adult","Adult","Adult","Adult"
"selfevolved_blacklab",NA,NA,NA,NA,NA,NA,NA,NA,"Adult","Adult","Adult","Adult","Adult","Adult","Adult"
"imaginative_bichonfrise",NA,NA,NA,NA,NA,NA,NA,NA,"Adult","Adult","Adult","Adult","Adult","Adult","Adult"
"versicolor_snowdog",NA,NA,NA,NA,NA,NA,NA,NA,"Adult","Adult","Adult","Adult","Adult","Adult","Adult"
"quenching_caimanlizard",NA,NA,NA,NA,NA,NA,NA,NA,"Adult","Adult","Adult","Adult","Adult","Adult","Adult"
"insidious_hog",NA,NA,NA,NA,NA,NA,NA,NA,"Adult","Adult","Adult","Adult","Adult","Adult","Adult"
"undead_stallion",NA,NA,NA,NA,NA,NA,NA,NA,"Adult","Adult","Adult","Adult","Adult","Adult","Adult"
"genetic_sloth",NA,NA,NA,NA,NA,NA,NA,NA,"Adult","Adult","Adult","Adult","Adult","Adult","Adult"
"scrumptious_serpent",NA,NA,NA,NA,NA,NA,NA,NA,"Adult","Adult","Adult","Adult","Adult","Adult","Adult"
"citatory_gyrfalcon",NA,NA,NA,NA,NA,NA,NA,NA,"Adult","Adult","Adult","Adult","Adult","Adult","Adult"
"essential_rainbowtrout",NA,NA,NA,NA,NA,NA,NA,NA,"Adult","Adult","Adult","Adult","Adult","Adult","Adult"
"faithful_xuanhuaceratops",NA,NA,NA,NA,NA,NA,NA,NA,"Adult","Adult","Adult","Adult","Adult","Adult","Adult"
"uncontradictory_japanesebeetle",NA,NA,NA,NA,NA,NA,NA,NA,"Adult","Adult","Adult","Adult","Adult","Adult","Adult"
"simplehearted_langur",NA,NA,NA,NA,NA,NA,NA,NA,"Adult","Adult","Adult","Adult","Adult","Adult","Adult"
"moleskin_peregrinefalcon",NA,NA,NA,NA,NA,NA,NA,NA,"Adult","Adult","Adult","Adult","Adult","Adult","Adult"
"deflectable_bellfrog",NA,NA,NA,NA,NA,NA,NA,NA,"Adult","Adult","Adult","Adult","Adult","Adult","Adult"
"splendid_nightingale",NA,NA,NA,NA,NA,NA,NA,NA,"Adult","Adult","Adult","Adult","Adult","Adult","Adult"
"chiropterophilic_chicken",NA,NA,NA,NA,NA,NA,NA,NA,"Adult","Adult","Adult","Adult","Adult","Adult","Adult"
"stubborn_limpet",NA,NA,NA,NA,NA,NA,NA,NA,"Adult","Adult","Adult","Adult","Adult","Adult","Adult"
"overzealous_manta",NA,NA,NA,NA,NA,NA,NA,NA,"Adult","Adult","Adult","Adult","Adult","Adult","Adult"
"wellpleased_metalmarkbutterfly",NA,NA,NA,NA,NA,NA,NA,NA,"Adult","Adult","Adult","Adult","Adult","Adult","Adult"
"affectionate_viceroybutterfly",NA,NA,NA,NA,NA,NA,NA,NA,"Adult","Adult","Adult","Adult","Adult","Adult","Adult"
"condensed_xuanhuasaurus",NA,NA,NA,NA,NA,NA,NA,NA,NA,"Adult","Adult","Adult","Adult","Adult","Adult"
"round_gopher",NA,NA,NA,NA,NA,NA,NA,NA,NA,"Adult","Adult","Adult","Adult","Adult","Adult"
"ardent_borderterrier",NA,NA,NA,NA,NA,NA,NA,NA,NA,"Adult","Adult","Adult","Adult","Adult","Adult"
"lighthearted_macaw",NA,NA,NA,NA,NA,NA,NA,NA,NA,"Adult","Adult","Adult","Adult","Adult","Adult"
"citeable_dogwoodtwigborer",NA,NA,NA,NA,NA,NA,NA,NA,NA,"Adult","Adult","Adult","Adult","Adult","Adult"
"androgenous_arabianhorse",NA,NA,NA,NA,NA,NA,NA,NA,NA,"Adult","Adult","Adult","Adult","Adult","Adult"
"valuable_gnu",NA,NA,NA,NA,NA,NA,NA,NA,NA,"Adult","Adult","Adult","Adult","Adult","Adult"
"restoring_platypus",NA,NA,NA,NA,NA,NA,NA,NA,NA,"Adult","Adult","Adult","Adult","Adult","Adult"
"freethinking_blacklab",NA,NA,NA,NA,NA,NA,NA,NA,NA,"Adult","Adult","Adult","Adult","Adult","Adult"
"glacial_poodle",NA,NA,NA,NA,NA,NA,NA,NA,NA,"Adult","Adult","Adult","Adult","Adult","Adult"
"osmophobic_redstart",NA,NA,NA,NA,NA,NA,NA,NA,NA,"Adult","Adult","Adult","Adult","Adult","Adult"
"matronal_arabianhorse",NA,NA,NA,NA,NA,NA,NA,NA,NA,"Adult","Adult","Adult","Adult","Adult","Adult"
"overweight_bats",NA,NA,NA,NA,NA,NA,NA,NA,NA,"Adult","Adult","Adult","Adult","Adult","Adult"
"subtransparent_gibbon",NA,NA,NA,NA,NA,NA,NA,NA,NA,"Adult","Adult","Adult","Adult","Adult","Adult"
"bellicose_bubblefish",NA,NA,NA,NA,NA,NA,NA,NA,NA,"Adult","Adult","Adult","Adult","Adult","Adult"
"confineable_unicorn",NA,NA,NA,NA,NA,NA,NA,NA,NA,"Adult","Adult","Adult","Adult","Adult","Adult"
"nonsolicitous_hochstettersfrog",NA,NA,NA,NA,NA,NA,NA,NA,NA,"Adult","Adult","Adult","Adult","Adult","Adult"
"masculine_azurevase",NA,NA,NA,NA,NA,NA,NA,NA,NA,"Adult","Adult","Adult","Adult","Adult","Adult"
"offcolour_morpho",NA,NA,NA,NA,NA,NA,NA,NA,NA,"Adult","Adult","Adult","Adult","Adult","Adult"
"touristy_gallinule",NA,NA,NA,NA,NA,NA,NA,NA,NA,"Adult","Adult","Adult","Adult","Adult","Adult"
"subsonic_blacklemur",NA,NA,NA,NA,NA,NA,NA,NA,NA,"Adult","Adult","Adult","Adult","Adult","Adult"
"fractious_smew",NA,NA,NA,NA,NA,NA,NA,NA,NA,"Adult","Adult","Adult","Adult","Adult","Adult"
"moody_pikeperch",NA,NA,NA,NA,NA,NA,NA,NA,NA,"Adult","Adult","Adult","Adult","Adult","Adult"
"dodecagonal_urchin",NA,NA,NA,NA,NA,NA,NA,NA,NA,"Adult","Adult","Adult","Adult","Adult","Adult"
"revisitable_trumpeterswan",NA,NA,NA,NA,NA,NA,NA,NA,NA,"Adult","Adult","Adult","Adult","Adult","Adult"
"devoid_eagle",NA,NA,NA,NA,NA,NA,NA,NA,NA,"Adult","Adult","Adult","Adult","Adult","Adult"
"ostentatious_arawana",NA,NA,NA,NA,NA,NA,NA,NA,NA,"Adult","Adult","Adult","Adult","Adult","Adult"
"annihilated_polliwog",NA,NA,NA,NA,NA,NA,NA,NA,NA,"Adult","Adult","Adult","Adult","Adult","Adult"
"antimonarchal_porpoise",NA,NA,NA,NA,NA,NA,NA,NA,NA,"Adult","Adult","Adult","Adult","Adult","Adult"
"irradiated_blesbok",NA,NA,NA,NA,NA,NA,NA,NA,NA,"Adult","Adult","Adult","Adult","Adult","Adult"
"lucid_cottonmouth",NA,NA,NA,NA,NA,NA,NA,NA,NA,"Adult","Adult","Adult","Adult","Adult","Adult"
"unemotional_oxpecker",NA,NA,NA,NA,NA,NA,NA,NA,NA,"Adult","Adult","Adult","Adult","Adult","Adult"
"distinguishing_deinonychus",NA,NA,NA,NA,NA,NA,NA,NA,NA,"Adult","Adult","Adult","Adult","Adult","Adult"
"pseudopolitical_fennecfox",NA,NA,NA,NA,NA,NA,NA,NA,NA,"Adult","Adult","Adult","Adult","Adult","Adult"
"skyblue_xuanhanosaurus",NA,NA,NA,NA,NA,NA,NA,NA,NA,"Adult","Adult","Adult","Adult","Adult","Adult"
"icosahedral_africanhornbill",NA,NA,NA,NA,NA,NA,NA,NA,NA,"Adult","Adult","Adult","Adult","Adult","Adult"
"faithless_pelicinuspetrel",NA,NA,NA,NA,NA,NA,NA,NA,NA,NA,"Adult","Adult","Adult","Adult","Adult"
"phobic_lacewing",NA,NA,NA,NA,NA,NA,NA,NA,NA,NA,"Adult","Adult","Adult","Adult","Adult"
"irrationalist_flyingfish",NA,NA,NA,NA,NA,NA,NA,NA,NA,NA,"Adult","Adult","Adult","Adult","Adult"
"groundable_fireant",NA,NA,NA,NA,NA,NA,NA,NA,NA,NA,"Adult","Adult","Adult","Adult","Adult"
"ironbound_krill",NA,NA,NA,NA,NA,NA,NA,NA,NA,NA,"Adult","Adult","Adult","Adult","Adult"
"delusional_alaskankleekai",NA,NA,NA,NA,NA,NA,NA,NA,NA,NA,"Adult","Adult","Adult","Adult","Adult"
"padparadscha_kinkajou",NA,NA,NA,NA,NA,NA,NA,NA,NA,NA,"Adult","Adult","Adult","Adult","Adult"
"filterable_ayeaye",NA,NA,NA,NA,NA,NA,NA,NA,NA,NA,"Adult","Adult","Adult","Adult","Adult"
"great_fishingcat",NA,NA,NA,NA,NA,NA,NA,NA,NA,NA,"Adult","Adult","Adult","Adult","Adult"
"mousey_python",NA,NA,NA,NA,NA,NA,NA,NA,NA,NA,"Adult","Adult","Adult","Adult","Adult"
"fibre_juliabutterfly",NA,NA,NA,NA,NA,NA,NA,NA,NA,NA,"Adult","Adult","Adult","Adult","Adult"
"succinct_prayingmantid",NA,NA,NA,NA,NA,NA,NA,NA,NA,NA,"Adult","Adult","Adult","Adult","Adult"
"bratty_snipe",NA,NA,NA,NA,NA,NA,NA,NA,NA,NA,"Adult","Adult","Adult","Adult","Adult"
"gastronomical_globefish",NA,NA,NA,NA,NA,NA,NA,NA,NA,NA,"Adult","Adult","Adult","Adult","Adult"
"compulsory_chinesecrocodilelizard",NA,NA,NA,NA,NA,NA,NA,NA,NA,NA,"Adult","Adult","Adult","Adult","Adult"
"dozing_upupa",NA,NA,NA,NA,NA,NA,NA,NA,NA,NA,"Adult","Adult","Adult","Adult","Adult"
"unartistic_turaco",NA,NA,NA,NA,NA,NA,NA,NA,NA,NA,"Adult","Adult","Adult","Adult","Adult"
"artificial_africanporcupine",NA,NA,NA,NA,NA,NA,NA,NA,NA,NA,"Adult","Adult","Adult","Adult","Adult"
"serious_widgeon",NA,NA,NA,NA,NA,NA,NA,NA,NA,NA,NA,"Adult","Adult","Adult","Adult"
"camlet_uakari",NA,NA,NA,NA,NA,NA,NA,NA,NA,NA,NA,"Adult","Adult","Adult","Adult"
"tapestried_northernelephantseal",NA,NA,NA,NA,NA,NA,NA,NA,NA,NA,NA,"Adult","Adult","Adult","Adult"
"dermographic_mustang",NA,NA,NA,NA,NA,NA,NA,NA,NA,NA,NA,"Adult","Adult","Adult","Adult"
"precranial_bluebottlejellyfish",NA,NA,NA,NA,NA,NA,NA,NA,NA,NA,NA,"Adult","Adult","Adult","Adult"
"dazzling_aquaticleech",NA,NA,NA,NA,NA,NA,NA,NA,NA,NA,NA,"Adult","Adult","Adult","Adult"
"islandlike_labradorretriever",NA,NA,NA,NA,NA,NA,NA,NA,NA,NA,NA,"Adult","Adult","Adult","Adult"
"goodtempered_marmoset",NA,NA,NA,NA,NA,NA,NA,NA,NA,NA,NA,"Adult","Adult","Adult","Adult"
"unethical_shearwater",NA,NA,NA,NA,NA,NA,NA,NA,NA,NA,NA,"Adult","Adult","Adult","Adult"
"shimmery_pupfish",NA,NA,NA,NA,NA,NA,NA,NA,NA,NA,NA,"Adult","Adult","Adult","Adult"
"equilateral_azurevasesponge",NA,NA,NA,NA,NA,NA,NA,NA,NA,NA,NA,"Adult","Adult","Adult","Adult"
"tzarist_spittlebug",NA,NA,NA,NA,NA,NA,NA,NA,NA,NA,NA,"Adult","Adult","Adult","Adult"
"capitalistic_springtail",NA,NA,NA,NA,NA,NA,NA,NA,NA,NA,NA,"Adult","Adult","Adult","Adult"
"plushed_kitten",NA,NA,NA,NA,NA,NA,NA,NA,NA,NA,NA,"Adult","Adult","Adult","Adult"
"legal_seahog",NA,NA,NA,NA,NA,NA,NA,NA,NA,NA,NA,"Adult","Adult","Adult","Adult"
"disquieting_imago",NA,NA,NA,NA,NA,NA,NA,NA,NA,NA,NA,"Adult","Adult","Adult","Adult"
"regardable_beagle",NA,NA,NA,NA,NA,NA,NA,NA,NA,NA,NA,"Adult","Adult","Adult","Adult"
"gastroscopic_antarcticfurseal",NA,NA,NA,NA,NA,NA,NA,NA,NA,NA,NA,"Adult","Adult","Adult","Adult"
"antiscience_rainbowlorikeet",NA,NA,NA,NA,NA,NA,NA,NA,NA,NA,NA,"Adult","Adult","Adult","Adult"
"castiron_hoiho",NA,NA,NA,NA,NA,NA,NA,NA,NA,NA,NA,"Adult","Adult","Adult","Adult"
"loved_esok",NA,NA,NA,NA,NA,NA,NA,NA,NA,NA,NA,"Adult","Adult","Adult","Adult"
"snide_nightcrawler",NA,NA,NA,NA,NA,NA,NA,NA,NA,NA,NA,"Adult","Adult","Adult","Adult"
"venturesome_hind",NA,NA,NA,NA,NA,NA,NA,NA,NA,NA,NA,"Adult","Adult","Adult","Adult"
"vulgar_thrip",NA,NA,NA,NA,NA,NA,NA,NA,NA,NA,NA,"Adult","Adult","Adult","Adult"
"kneedeep_mallard",NA,NA,NA,NA,NA,NA,NA,NA,NA,NA,NA,"Adult","Adult","Adult","Adult"
"curved_parrot",NA,NA,NA,NA,NA,NA,NA,NA,NA,NA,NA,"Adult","Adult","Adult","Adult"
"queenly_bassethound",NA,NA,NA,NA,NA,NA,NA,NA,NA,NA,NA,"Adult","Adult","Adult","Adult"
"explainable_kawala",NA,NA,NA,NA,NA,NA,NA,NA,NA,NA,NA,"Adult","Adult","Adult","Adult"
"uncontrollable_rainbowlorikeet",NA,NA,NA,NA,NA,NA,NA,NA,NA,NA,NA,"Adult","Adult","Adult","Adult"
"droughty_calf",NA,NA,NA,NA,NA,NA,NA,NA,NA,NA,NA,"Adult","Adult","Adult","Adult"
"diminutive_zebradove",NA,NA,NA,NA,NA,NA,NA,NA,NA,NA,NA,"Adult","Adult","Adult","Adult"
"tangled_ling",NA,NA,NA,NA,NA,NA,NA,NA,NA,NA,NA,"Adult","Adult","Adult","Adult"
"custodial_kudu",NA,NA,NA,NA,NA,NA,NA,NA,NA,NA,NA,"Adult","Adult","Adult","Adult"
"flavourful_baboon",NA,NA,NA,NA,NA,NA,NA,NA,NA,NA,NA,"Adult","Adult","Adult","Adult"
"shiftable_stegosaurus",NA,NA,NA,NA,NA,NA,NA,NA,NA,NA,NA,NA,"Adult","Adult","Adult"
"theophilic_limpet",NA,NA,NA,NA,NA,NA,NA,NA,NA,NA,NA,NA,"Adult","Adult","Adult"
"moony_junco",NA,NA,NA,NA,NA,NA,NA,NA,NA,NA,NA,NA,"Adult","Adult","Adult"
"clownish_oxpecker",NA,NA,NA,NA,NA,NA,NA,NA,NA,NA,NA,NA,"Adult","Adult","Adult"
"antebellum_velvetworm",NA,NA,NA,NA,NA,NA,NA,NA,NA,NA,NA,NA,"Adult","Adult","Adult"
"unwise_flatfish",NA,NA,NA,NA,NA,NA,NA,NA,NA,NA,NA,NA,"Adult","Adult","Adult"
"minor_turkey",NA,NA,NA,NA,NA,NA,NA,NA,NA,NA,NA,NA,"Adult","Adult","Adult"
"detractive_astarte",NA,NA,NA,NA,NA,NA,NA,NA,NA,NA,NA,NA,"Adult","Adult","Adult"
"myrmecophagous_deviltasmanian",NA,NA,NA,NA,NA,NA,NA,NA,NA,NA,NA,NA,"Adult","Adult","Adult"
"wrapped_mamba",NA,NA,NA,NA,NA,NA,NA,NA,NA,NA,NA,NA,"Adult","Adult","Adult"
"clamlike_warbler",NA,NA,NA,NA,NA,NA,NA,NA,NA,NA,NA,NA,"Adult","Adult","Adult"
"poisonous_hermitcrab",NA,NA,NA,NA,NA,NA,NA,NA,NA,NA,NA,NA,"Adult","Adult","Adult"
"econometrical_snowleopard",NA,NA,NA,NA,NA,NA,NA,NA,NA,NA,NA,NA,"Adult","Adult","Adult"
"uncalorific_xoni",NA,NA,NA,NA,NA,NA,NA,NA,NA,NA,NA,NA,"Adult","Adult","Adult"
"aggressive_globefish",NA,NA,NA,NA,NA,NA,NA,NA,NA,NA,NA,NA,"Adult","Adult","Adult"
"spiritless_merganser",NA,NA,NA,NA,NA,NA,NA,NA,NA,NA,NA,NA,"Adult","Adult","Adult"
"filmable_paca",NA,NA,NA,NA,NA,NA,NA,NA,NA,NA,NA,NA,"Adult","Adult","Adult"
"selfsatisfied_cockatoo",NA,NA,NA,NA,NA,NA,NA,NA,NA,NA,NA,NA,"Adult","Adult","Adult"
"sporty_civet",NA,NA,NA,NA,NA,NA,NA,NA,NA,NA,NA,NA,"Adult","Adult","Adult"
"elevated_kouprey",NA,NA,NA,NA,NA,NA,NA,NA,NA,NA,NA,NA,"Adult","Adult","Adult"
"motionless_attwatersprairiechicken",NA,NA,NA,NA,NA,NA,NA,NA,NA,NA,NA,NA,"Adult","Adult","Adult"
"uppity_freshwatereel",NA,NA,NA,NA,NA,NA,NA,NA,NA,NA,NA,NA,"Adult","Adult","Adult"
"ammonitoid_oyster",NA,NA,NA,NA,NA,NA,NA,NA,NA,NA,NA,NA,"Adult","Adult","Adult"
"iconic_bustard",NA,NA,NA,NA,NA,NA,NA,NA,NA,NA,NA,NA,"Adult","Adult","Adult"
"foggyish_guineafowl",NA,NA,NA,NA,NA,NA,NA,NA,NA,NA,NA,NA,"Adult","Adult","Adult"
"extragalactic_heterodontosaurus",NA,NA,NA,NA,NA,NA,NA,NA,NA,NA,NA,NA,"Adult","Adult","Adult"
"quasiconservative_fennecfox",NA,NA,NA,NA,NA,NA,NA,NA,NA,NA,NA,NA,"Adult","Adult","Adult"
"sentient_butterfly",NA,NA,NA,NA,NA,NA,NA,NA,NA,NA,NA,NA,"Adult","Adult","Adult"
"blowsy_pufferfish",NA,NA,NA,NA,NA,NA,NA,NA,NA,NA,NA,NA,"Adult","Adult","Adult"
"civilized_whitebeakeddolphin",NA,NA,NA,NA,NA,NA,NA,NA,NA,NA,NA,NA,NA,"Adult","Adult"
"putrid_nandu",NA,NA,NA,NA,NA,NA,NA,NA,NA,NA,NA,NA,NA,"Adult","Adult"
"parapsychological_bighorn",NA,NA,NA,NA,NA,NA,NA,NA,NA,NA,NA,NA,NA,"Adult","Adult"
"correctable_wyvern",NA,NA,NA,NA,NA,NA,NA,NA,NA,NA,NA,NA,NA,"Adult","Adult"
"matriarchic_drake",NA,NA,NA,NA,NA,NA,NA,NA,NA,NA,NA,NA,NA,"Adult","Adult"
"subtrapezoidal_tigershark",NA,NA,NA,NA,NA,NA,NA,NA,NA,NA,NA,NA,NA,"Adult","Adult"
"anthropoid_sardine",NA,NA,NA,NA,NA,NA,NA,NA,NA,NA,NA,NA,NA,"Adult","Adult"
"victorious_spadefoot",NA,NA,NA,NA,NA,NA,NA,NA,NA,NA,NA,NA,NA,"Adult","Adult"
"quilted_bullfrog",NA,NA,NA,NA,NA,NA,NA,NA,NA,NA,NA,NA,NA,"Adult","Adult"
"sonic_eagle",NA,NA,NA,NA,NA,NA,NA,NA,NA,NA,NA,NA,NA,"Adult","Adult"
"allegro_adamsstaghornedbeetle",NA,NA,NA,NA,NA,NA,NA,NA,NA,NA,NA,NA,NA,"Adult","Adult"
"hollowhearted_fantail",NA,NA,NA,NA,NA,NA,NA,NA,NA,NA,NA,NA,NA,"Adult","Adult"
"unkempt_plainsqueaker",NA,NA,NA,NA,NA,NA,NA,NA,NA,NA,NA,NA,NA,"Adult","Adult"
"phlogopite_bilby",NA,NA,NA,NA,NA,NA,NA,NA,NA,NA,NA,NA,NA,"Adult","Adult"
"upperclass_scallop",NA,NA,NA,NA,NA,NA,NA,NA,NA,NA,NA,NA,NA,"Adult","Adult"
"legible_sora",NA,NA,NA,NA,NA,NA,NA,NA,NA,NA,NA,NA,NA,"Adult","Adult"
"uninspired_mudpuppy",NA,NA,NA,NA,NA,NA,NA,NA,NA,NA,NA,NA,NA,"Adult","Adult"
"maimouphilic_arieltoucan",NA,NA,NA,NA,NA,NA,NA,NA,NA,NA,NA,NA,NA,"Adult","Adult"
"dragonlike_pekingese",NA,NA,NA,NA,NA,NA,NA,NA,NA,NA,NA,NA,NA,"Adult","Adult"
"fungous_icelandicsheepdog",NA,NA,NA,NA,NA,NA,NA,NA,NA,NA,NA,NA,NA,"Adult","Adult"
"combustive_americanindianhorse",NA,NA,NA,NA,NA,NA,NA,NA,NA,NA,NA,NA,NA,"Adult","Adult"
"castiron_tapir",NA,NA,NA,NA,NA,NA,NA,NA,NA,NA,NA,NA,NA,"Adult","Adult"
"comparable_iguana",NA,NA,NA,NA,NA,NA,NA,NA,NA,NA,NA,NA,NA,"Adult","Adult"
"cacotopic_alligatorsnappingturtle",NA,NA,NA,NA,NA,NA,NA,NA,NA,NA,NA,NA,NA,"Adult","Adult"
"superspiritual_chimpanzee",NA,NA,NA,NA,NA,NA,NA,NA,NA,NA,NA,NA,NA,"Adult","Adult"
"hilarious_moorhen",NA,NA,NA,NA,NA,NA,NA,NA,NA,NA,NA,NA,NA,"Adult","Adult"
"selfexistent_belugawhale",NA,NA,NA,NA,NA,NA,NA,NA,NA,NA,NA,NA,NA,NA,"Adult"
"photoluminescent_smelts",NA,NA,NA,NA,NA,NA,NA,NA,NA,NA,NA,NA,NA,NA,"Adult"
"pseudopriestly_kusimanse",NA,NA,NA,NA,NA,NA,NA,NA,NA,NA,NA,NA,NA,NA,"Adult"
"vegan_dwarfrabbit",NA,NA,NA,NA,NA,NA,NA,NA,NA,NA,NA,NA,NA,NA,"Adult"
"psychoanalytic_gemsbok",NA,NA,NA,NA,NA,NA,NA,NA,NA,NA,NA,NA,NA,NA,"Adult"
"isoceles_africanwilddog",NA,NA,NA,NA,NA,NA,NA,NA,NA,NA,NA,NA,NA,NA,"Adult"
"leisurable_redpoll",NA,NA,NA,NA,NA,NA,NA,NA,NA,NA,NA,NA,NA,NA,"Adult"
"tireless_flamingo",NA,NA,NA,NA,NA,NA,NA,NA,NA,NA,NA,NA,NA,NA,"Adult"
"perseverant_fieldmouse",NA,NA,NA,NA,NA,NA,NA,NA,NA,NA,NA,NA,NA,NA,"Adult"
"antimonarchical_zeren",NA,NA,NA,NA,NA,NA,NA,NA,NA,NA,NA,NA,NA,NA,"Adult"
"hexametric_guppy",NA,NA,NA,NA,NA,NA,NA,NA,NA,NA,NA,NA,NA,NA,"Adult"
"doglike_kawala",NA,NA,NA,NA,NA,NA,NA,NA,NA,NA,NA,NA,NA,NA,"Adult"
"blessed_dungbeetle",NA,NA,NA,NA,NA,NA,NA,NA,NA,NA,NA,NA,NA,NA,"Adult"
"vague_ekaltadeta",NA,NA,NA,NA,NA,NA,NA,NA,NA,NA,NA,NA,NA,NA,"Adult"
"clumpy_herring",NA,NA,NA,NA,NA,NA,NA,NA,NA,NA,NA,NA,NA,NA,"Adult"
"dependable_umbrette",NA,NA,NA,NA,NA,NA,NA,NA,NA,NA,NA,NA,NA,NA,"Adult"
"conservable_europeanpolecat",NA,NA,NA,NA,NA,NA,NA,NA,NA,NA,NA,NA,NA,NA,"Adult"
"selfvulcanising_tadpole",NA,NA,NA,NA,NA,NA,NA,NA,NA,NA,NA,NA,NA,NA,"Adult"
"apothecial_dutchsmoushond",NA,NA,NA,NA,NA,NA,NA,NA,NA,NA,NA,NA,NA,NA,"Adult"
"feathered_irishdraughthorse",NA,NA,NA,NA,NA,NA,NA,NA,NA,NA,NA,NA,NA,NA,"Adult"
"sphalerite_caimanlizard",NA,NA,NA,NA,NA,NA,NA,NA,NA,NA,NA,NA,NA,NA,"Adult"
