"ID","2007","2008","2009","2010","2011","2012","2013","2014","2015","2016","2017","2018","2019","2020","2021","2022"
"constrainable_xuanhuasaurus",1,0,0,0,0,0,0,0,0,0,0,0,0,0,0,0
"still_jerboa",1,0,1,0,1,0,1,1,1,0,0,0,0,0,0,0
"bridal_shrew",1,1,0,0,0,0,0,0,0,0,0,0,0,0,0,0
"baseborn_nightheron",1,0,0,0,0,0,0,0,0,0,0,0,0,0,0,0
"coquettish_ibadanmalimbe",1,1,0,0,0,0,0,0,0,0,0,0,0,0,0,0
"celestial_hornshark",1,1,1,1,0,0,1,0,0,0,0,0,0,0,0,0
"quicktempered_blackwidowspider",1,0,0,0,0,0,0,0,0,0,0,0,0,0,0,0
"ichthyophobic_tapeworm",1,0,0,0,0,0,0,0,0,0,0,0,0,0,0,0
"dissectible_goldenmantledgroundsquirrel",1,1,0,0,0,0,0,0,0,0,0,0,0,0,0,0
"sarcastic_pikeperch",1,0,0,0,0,0,0,0,0,0,0,0,0,0,0,0
"drawn_redpoll",1,0,0,1,0,0,0,1,0,0,0,0,0,0,0,0
"halfbleached_hamadryad",0,1,1,0,0,0,0,0,0,0,0,0,0,0,0,0
"centophobic_goldfinch",0,1,0,0,0,0,0,0,0,0,0,0,0,0,0,0
"enraged_blackrussianterrier",0,1,0,0,0,0,0,0,0,0,0,0,0,0,0,0
"stupendous_wolfspider",0,1,0,0,0,0,0,0,0,0,0,0,0,0,0,0
"ghetto_thoroughbred",0,1,0,0,0,0,0,0,0,0,0,0,0,0,0,0
"selfvulcanising_australiansilkyterrier",0,1,0,1,0,0,0,0,0,0,0,0,0,0,0,0
"goosepimply_gilamonster",0,0,1,0,0,0,0,0,0,0,0,0,0,0,0,0
"aweinspiring_canvasback",0,0,1,0,0,0,0,0,0,0,0,0,0,0,0,0
"witted_auklet",0,0,1,0,0,0,0,0,0,0,0,0,0,0,0,0
"dashing_ozarkbigearedbat",0,0,1,0,0,0,0,0,0,0,0,0,0,0,0,0
"diagnostic_ewe",0,0,1,0,0,0,0,0,0,0,0,0,0,0,0,0
"highspiritedly_pterodactyls",0,0,1,1,1,1,1,0,1,0,0,0,0,0,0,0
"dedicated_vixen",0,0,1,0,0,0,0,0,0,0,0,0,0,0,0,0
"tinted_haddock",0,0,1,0,1,0,1,1,0,1,0,0,0,0,0,0
"unpredestined_baiji",0,0,1,0,0,0,0,0,0,0,0,0,0,0,0,0
"silicone_crayfish",0,0,1,1,0,0,0,0,0,0,0,0,0,0,0,0
"bluecollar_conch",0,0,1,0,1,1,0,0,0,0,0,0,0,0,0,0
"lazuline_cavy",0,0,1,0,0,0,0,0,0,0,0,0,0,0,0,0
"palaeobiologic_skimmer",0,0,1,0,1,1,1,0,1,1,1,1,1,1,1,0
"upper_emu",0,0,1,0,0,0,0,0,0,0,0,0,0,0,0,0
"dull_wolverine",0,0,1,0,1,0,0,0,0,0,0,0,0,0,0,0
"polygonal_lightningbug",0,0,1,0,0,0,0,0,0,0,0,0,0,0,0,0
"dominating_zebra",0,0,0,1,0,0,0,0,0,0,0,0,0,0,0,0
"contextual_terrier",0,0,0,1,0,1,0,0,0,0,0,0,0,0,0,0
"illtimed_albatross",0,0,0,1,0,1,1,1,1,1,0,1,1,1,0,1
"benign_americancurl",0,0,0,1,1,0,0,0,0,0,0,0,0,0,0,0
"catty_maggot",0,0,0,1,0,0,0,0,0,0,0,0,0,0,0,0
"causable_gar",0,0,0,1,0,0,0,0,0,0,0,0,0,0,0,0
"precranial_genet",0,0,0,0,1,0,0,0,0,0,0,0,0,0,0,0
"semidramatical_sloth",0,0,0,0,1,1,0,0,0,0,0,0,0,0,0,0
"nobleminded_earwig",0,0,0,0,1,0,0,0,0,0,0,0,0,0,0,0
"unfriended_shibainu",0,0,0,0,1,0,0,0,0,0,0,0,0,0,0,0
"larval_africangoldencat",0,0,0,0,1,1,1,1,1,0,1,1,0,1,0,0
"equatorial_elephantseal",0,0,0,0,1,0,0,1,0,0,0,0,0,0,0,0
"lowerclass_springbok",0,0,0,0,1,0,0,0,0,0,0,0,0,0,0,0
"flashy_songbird",0,0,0,0,1,0,0,0,0,0,0,0,0,0,0,0
"catatonic_halicore",0,0,0,0,0,1,0,0,0,0,0,0,0,0,0,0
"copper_kestrel",0,0,0,0,0,1,0,0,0,0,0,0,0,0,0,0
"imperialistic_stegosaurus",0,0,0,0,0,1,0,0,0,0,0,0,0,0,0,0
"proclergy_grasshopper",0,0,0,0,0,1,0,0,0,0,0,0,0,0,0,0
"ingenious_redstart",0,0,0,0,0,1,0,0,0,0,0,0,0,0,0,0
"aquiline_anglerfish",0,0,0,0,0,1,0,0,0,0,0,0,0,0,0,0
"unconquerable_antelopegroundsquirrel",0,0,0,0,0,1,0,0,0,0,0,0,0,0,0,0
"wanted_johndory",0,0,0,0,0,1,0,0,1,1,1,0,0,0,1,0
"nonangelic_arrowana",0,0,0,0,0,1,0,1,0,0,0,0,0,0,0,0
"unsalted_greathornedowl",0,0,0,0,0,1,0,0,0,0,0,0,0,0,0,0
"nonliterary_queenant",0,0,0,0,0,1,0,0,0,0,0,0,0,0,0,0
"disregardful_rhodesianridgeback",0,0,0,0,0,0,1,1,0,0,0,0,0,0,0,0
"soldierlike_grison",0,0,0,0,0,0,1,0,0,0,0,0,0,0,0,0
"nocturnal_kitten",0,0,0,0,0,0,1,0,0,0,0,0,0,0,0,0
"trashy_kiwi",0,0,0,0,0,0,1,0,0,0,0,0,0,0,0,0
"verymad_frillneckedlizard",0,0,0,0,0,0,1,0,1,0,0,0,0,0,0,0
"reusable_duckbillcat",0,0,0,0,0,0,1,0,0,0,0,0,0,0,0,0
"committable_acornweevil",0,0,0,0,0,0,1,0,0,0,0,0,0,0,0,0
"halfintellectual_icelandgull",0,0,0,0,0,0,1,0,0,0,0,0,0,0,0,0
"tired_solitaire",0,0,0,0,0,0,1,0,0,0,0,0,0,0,0,0
"burnt_loris",0,0,0,0,0,0,1,1,1,0,0,0,1,0,0,0
"invincible_fishingcat",0,0,0,0,0,0,1,0,0,0,0,0,0,0,0,0
"irritating_wobbegongshark",0,0,0,0,0,0,1,0,1,0,0,0,0,0,0,0
"thickwitted_dragon",0,0,0,0,0,0,1,0,0,0,0,0,0,0,0,0
"psychometrical_blueshark",0,0,0,0,0,0,1,1,0,0,0,0,0,0,0,0
"baggy_leopardseal",0,0,0,0,0,0,1,1,0,0,0,0,0,0,0,0
"active_snipe",0,0,0,0,0,0,1,0,0,0,0,0,0,0,0,0
"semihistorical_barb",0,0,0,0,0,0,0,1,1,0,0,0,0,0,0,0
"psychographic_hatchetfish",0,0,0,0,0,0,0,1,1,1,1,1,0,0,0,0
"premature_mosasaur",0,0,0,0,0,0,0,1,0,0,0,0,0,0,0,0
"medical_sphinx",0,0,0,0,0,0,0,1,0,0,0,0,0,0,0,0
"unpretentious_sakimonkey",0,0,0,0,0,0,0,1,0,0,0,0,0,0,0,0
"nondesirous_pinniped",0,0,0,0,0,0,0,1,0,0,0,0,0,0,0,0
"annoyed_flatfish",0,0,0,0,0,0,0,1,0,0,0,0,0,0,0,0
"unjust_johndory",0,0,0,0,0,0,0,1,0,0,0,0,0,0,0,0
"generalpurpose_irishsetter",0,0,0,0,0,0,0,1,1,0,0,0,0,0,0,0
"bacterial_starfish",0,0,0,0,0,0,0,0,1,0,0,0,0,0,0,0
"sulfur_pachyderm",0,0,0,0,0,0,0,0,1,0,1,1,0,0,0,0
"moonlit_boa",0,0,0,0,0,0,0,0,1,0,0,0,0,0,0,0
"retouchable_ling",0,0,0,0,0,0,0,0,0,1,0,0,0,0,0,0
"spiniferous_husky",0,0,0,0,0,0,0,0,0,1,0,0,0,0,0,0
"pleasable_gallinule",0,0,0,0,0,0,0,0,0,1,0,0,0,0,0,0
"similar_skipper",0,0,0,0,0,0,0,0,0,1,0,0,0,0,0,0
"matriarchic_sardine",0,0,0,0,0,0,0,0,0,1,1,0,0,0,0,0
"advertent_monkey",0,0,0,0,0,0,0,0,0,1,1,0,0,0,0,0
"capitalistic_bluebottlejellyfish",0,0,0,0,0,0,0,0,0,1,0,0,0,0,0,0
"edgy_viper",0,0,0,0,0,0,0,0,0,0,1,0,0,0,0,0
"jobless_indusriverdolphin",0,0,0,0,0,0,0,0,0,0,1,0,0,0,0,0
"wedded_iaerismetalmark",0,0,0,0,0,0,0,0,0,0,1,0,0,0,0,0
"imported_xantus",0,0,0,0,0,0,0,0,0,0,1,0,0,0,0,0
"bad_loon",0,0,0,0,0,0,0,0,0,0,1,0,0,0,0,0
"unalliterative_lcont",0,0,0,0,0,0,0,0,0,0,1,0,0,0,0,0
"right_mantis",0,0,0,0,0,0,0,0,0,0,1,1,0,0,0,0
"haywire_hornedtoad",0,0,0,0,0,0,0,0,0,0,1,0,0,0,0,0
"foilable_whitetaileddeer",0,0,0,0,0,0,0,0,0,0,1,0,0,1,1,1
"prosaic_chinchilla",0,0,0,0,0,0,0,0,0,0,1,0,0,0,0,0
"goosebumpy_goitered",0,0,0,0,0,0,0,0,0,0,1,0,0,0,0,0
"sedulous_waterthrush",0,0,0,0,0,0,0,0,0,0,0,1,1,0,0,0
"portable_atlanticspadefish",0,0,0,0,0,0,0,0,0,0,0,1,0,0,0,0
"incombustible_katydid",0,0,0,0,0,0,0,0,0,0,0,1,0,0,0,0
"saccharine_americancurl",0,0,0,0,0,0,0,0,0,0,0,0,1,0,0,0
"unintroversive_fanworms",0,0,0,0,0,0,0,0,0,0,0,0,1,1,0,0
"understood_skimmer",0,0,0,0,0,0,0,0,0,0,0,0,1,0,0,0
"neophilic_gartersnake",0,0,0,0,0,0,0,0,0,0,0,0,1,0,0,0
"moneygrubbing_hoopoe",0,0,0,0,0,0,0,0,0,0,0,0,1,0,0,0
"dodecasyllabic_kakapo",0,0,0,0,0,0,0,0,0,0,0,0,0,1,0,0
"nonscientific_africanwildcat",0,0,0,0,0,0,0,0,0,0,0,0,0,1,1,0
"ecological_dairycow",0,0,0,0,0,0,0,0,0,0,0,0,0,1,0,0
"lime_angora",0,0,0,0,0,0,0,0,0,0,0,0,0,1,0,0
"apiarian_whippoorwill",0,0,0,0,0,0,0,0,0,0,0,0,0,1,0,1
"chalkstony_baleenwhale",0,0,0,0,0,0,0,0,0,0,0,0,0,1,1,0
"circumnavigatory_whooper",0,0,0,0,0,0,0,0,0,0,0,0,0,0,1,1
"plausible_northernpike",0,0,0,0,0,0,0,0,0,0,0,0,0,0,1,0
"dihydric_kusimanse",0,0,0,0,0,0,0,0,0,0,0,0,0,0,1,0
"unruly_mockingbird",0,0,0,0,0,0,0,0,0,0,0,0,0,0,1,1
"unsatisfied_shorebird",0,0,0,0,0,0,0,0,0,0,0,0,0,0,1,1
"entrepreneurial_zebraswallowtailbutterfly",0,0,0,0,0,0,0,0,0,0,0,0,0,0,1,1
"mopey_americanbobtail",0,0,0,0,0,0,0,0,0,0,0,0,0,0,1,1
"unintellectual_emu",1,0,1,0,0,0,0,0,0,0,0,0,0,0,0,0
"papershelled_barnowl",1,0,0,0,0,0,0,0,0,0,0,0,0,0,0,0
"acute_seagull",1,1,1,1,0,0,0,0,0,0,0,0,0,0,0,0
"proscience_goosefish",1,0,1,1,1,1,1,0,1,1,0,1,0,1,1,1
"pseudomythical_iberianemeraldlizard",1,0,1,1,1,0,0,0,0,0,0,0,0,0,0,0
"dendrochronological_dikdik",1,1,0,1,1,0,1,0,1,1,0,0,0,0,0,0
"persnickety_bluewhale",1,0,0,0,0,0,0,0,0,0,0,0,0,0,0,0
"fireless_paddlefish",0,1,1,0,1,1,0,0,1,0,0,0,0,0,0,0
"unremarkable_nutria",0,0,1,1,1,1,1,0,1,0,0,1,0,0,0,0
"hydrated_copepod",0,0,1,0,0,0,0,0,0,0,0,0,0,0,0,0
"soapy_icefish",0,0,1,1,0,0,0,0,0,0,0,0,0,0,0,0
"exploitative_snoutbutterfly",0,0,1,1,1,0,0,0,0,0,0,0,0,0,0,0
"untrigonometric_tarantula",0,0,1,0,0,0,0,1,0,0,1,1,1,0,0,1
"mustard_zebralongwingbutterfly",0,0,1,0,0,0,0,0,0,0,0,0,0,0,0,0
"stagnant_pelicinuspetrel",0,0,1,1,1,0,1,1,1,1,1,0,0,0,0,0
"villainous_squid",0,0,1,0,0,0,0,0,0,0,0,0,0,0,0,0
"clever_urubu",0,0,0,1,1,0,1,1,1,1,1,0,0,1,1,1
"hurt_alabamamapturtle",0,0,0,1,1,1,1,1,0,1,0,0,1,0,0,0
"relaxative_goshawk",0,0,0,1,1,0,1,0,0,0,0,0,0,0,0,0
"underaverage_indigowingedparrot",0,0,0,1,1,0,0,0,0,0,0,0,0,0,0,0
"scrapable_whitetaileddeer",0,0,0,1,1,0,1,1,1,0,0,0,0,0,0,0
"homebrewed_incatern",0,0,0,0,1,0,0,0,0,0,0,0,0,0,0,0
"sportsmanly_umbrellabird",0,0,0,0,1,0,0,0,0,0,0,0,0,0,0,0
"unmercenary_hart",0,0,0,0,1,0,0,0,0,0,0,0,0,0,0,0
"supercolossal_chick",0,0,0,0,1,1,0,0,0,0,0,0,0,0,0,0
"algophobic_waterbug",0,0,0,0,1,1,1,0,0,1,1,1,1,0,0,0
"dead_pharaohhound",0,0,0,0,0,1,0,0,0,0,0,0,0,0,0,0
"mossy_longhornbeetle",0,0,0,0,0,1,1,1,0,1,0,0,0,0,0,0
"fluent_icefish",0,0,0,0,0,1,0,0,0,0,0,0,0,0,0,0
"venerated_collardlizard",0,0,0,0,0,1,1,0,0,1,0,0,0,0,0,0
"cardiographic_fowl",0,0,0,0,0,1,1,0,0,0,0,0,0,0,0,0
"hexametric_arkshell",0,0,0,0,0,1,0,1,0,1,0,0,1,1,0,1
"unopinioned_hartebeest",0,0,0,0,0,1,0,1,1,1,0,0,0,1,1,0
"proposed_sponge",0,0,0,0,0,1,1,1,1,0,0,0,0,0,0,0
"robotlike_iridescentshark",0,0,0,0,0,1,0,1,0,0,0,0,0,0,0,0
"acidfast_pooch",0,0,0,0,0,1,1,0,0,0,0,0,0,0,0,0
"indigenous_neondwarfgourami",0,0,0,0,0,0,1,1,1,1,0,1,0,0,0,1
"petalled_xuanhanosaurus",0,0,0,0,0,0,1,1,0,0,0,0,0,0,0,0
"durable_ibex",0,0,0,0,0,0,1,0,0,0,0,1,1,1,1,0
"rheophilic_guineafowl",0,0,0,0,0,0,1,0,0,0,0,0,0,0,0,0
"greedsome_tarantula",0,0,0,0,0,0,1,0,0,0,0,0,0,0,0,0
"cosmographical_guillemot",0,0,0,0,0,0,0,1,1,1,1,1,1,1,0,0
"stigmatophilic_sandpiper",0,0,0,0,0,0,0,0,1,0,1,1,1,1,1,0
"censorable_kestrel",0,0,0,0,0,0,0,0,1,0,0,0,0,0,0,0
"striking_nilgai",0,0,0,0,0,0,0,0,1,1,0,1,1,1,0,1
"ghostlike_snail",0,0,0,0,0,0,0,0,0,1,0,0,0,0,0,0
"exacting_flea",0,0,0,0,0,0,0,0,0,1,0,0,0,0,0,0
"pithikosophilic_phoebe",0,0,0,0,0,0,0,0,0,1,1,1,1,0,1,1
"ignored_illadopsis",0,0,0,0,0,0,0,0,0,1,0,0,0,0,0,0
"literalminded_nauplius",0,0,0,0,0,0,0,0,0,1,0,1,0,0,0,0
"troglodytical_fruitfly",0,0,0,0,0,0,0,0,0,1,1,0,0,0,0,0
"defaceable_tapeworm",0,0,0,0,0,0,0,0,0,1,0,0,1,1,0,1
"uncreative_mammoth",0,0,0,0,0,0,0,0,0,0,1,1,1,0,0,0
"antidemocratical_abyssiniancat",0,0,0,0,0,0,0,0,0,0,1,0,1,1,0,0
"ermined_watermoccasin",0,0,0,0,0,0,0,0,0,0,1,0,1,1,1,1
"nonallergenic_hind",0,0,0,0,0,0,0,0,0,0,1,0,0,0,0,0
"premedical_mammal",0,0,0,0,0,0,0,0,0,0,0,1,0,0,1,0
"brilliant_eidolonhelvum",0,0,0,0,0,0,0,0,0,0,0,1,1,1,1,0
"beeswax_kissingbug",0,0,0,0,0,0,0,0,0,0,0,0,1,0,0,1
"wheezy_arrowana",0,0,0,0,0,0,0,0,0,0,0,0,1,0,0,0
"intranational_zebratailedlizard",0,0,0,0,0,0,0,0,0,0,0,0,1,1,1,0
"humdrum_tadpole",0,0,0,0,0,0,0,0,0,0,0,0,1,0,0,0
"elaborate_stud",0,0,0,0,0,0,0,0,0,0,0,0,1,1,0,0
"slumberless_dolphin",0,0,0,0,0,0,0,0,0,0,0,0,0,1,0,0
"burly_douglasfirbarkbeetle",0,0,0,0,0,0,0,0,0,0,0,0,0,1,0,1
"jade_kookaburra",0,0,0,0,0,0,0,0,0,0,0,0,0,1,0,1
"peaceful_aegeancat",0,0,0,0,0,0,0,0,0,0,0,0,0,1,1,0
"depressive_chrysalis",0,0,0,0,0,0,0,0,0,0,0,0,0,1,1,1
"antimonarchy_stilt",0,0,0,0,0,0,0,0,0,0,0,0,0,0,1,0
"sugarcane_ragfish",0,0,0,0,0,0,0,0,0,0,0,0,0,0,1,0
"linty_bats",0,0,0,0,0,0,0,0,0,0,0,0,0,0,1,0
"zincic_asiaticwildass",0,0,0,0,0,0,0,0,0,0,0,0,0,0,1,0
"ratlike_hylaeosaurus",0,0,0,0,0,0,0,0,0,0,0,0,0,0,1,0
"abyssal_lice",0,0,0,0,0,0,0,0,0,0,0,0,0,0,1,0
"sketchy_alligator",0,0,0,0,0,0,0,0,0,0,0,0,0,0,1,0
"bossy_flycatcher",1,1,1,1,1,1,0,0,0,0,0,0,0,0,0,0
"algophobic_tilefish",1,1,1,1,0,0,0,0,0,0,0,0,0,0,0,0
"culinary_baiji",1,1,1,0,0,1,1,0,0,0,0,0,0,0,0,0
"nonritualistic_dorking",1,1,0,0,0,0,0,0,0,0,0,0,0,0,0,0
"limy_siamesecat",1,1,0,0,1,0,0,0,0,0,0,0,0,0,0,0
"dialectal_dikkops",1,1,0,1,0,0,0,0,0,0,0,0,0,0,0,0
"puzzled_skua",1,0,0,0,0,0,0,0,0,0,0,0,0,0,0,0
"animalistic_australiancattledog",1,0,1,1,0,0,0,0,0,0,0,0,0,0,0,0
"peridotite_americanriverotter",1,1,1,0,0,0,1,0,1,1,0,1,0,1,1,0
"jagged_jaeger",1,0,0,0,0,0,0,0,0,0,0,0,0,0,0,0
"reconcilable_admiralbutterfly",1,0,0,0,0,0,0,0,0,0,0,0,0,0,0,0
"agrologic_mollusk",1,0,0,0,0,0,0,0,0,0,0,0,0,0,0,0
"cardiotonic_woodcock",1,1,1,0,1,1,1,0,0,0,0,0,0,0,0,0
"steep_yosemitetoad",1,0,0,0,0,0,0,0,0,0,0,0,0,0,0,0
"coed_skimmer",1,1,0,0,0,0,0,0,0,0,0,0,0,0,0,0
"amethystine_coyote",1,0,1,1,0,0,0,0,0,0,0,0,0,0,0,0
"goodnatured_pinkriverdolphin",1,1,1,0,0,0,0,0,0,0,0,0,0,0,0,0
"nonscientific_goosefish",1,1,0,0,0,0,0,0,0,0,0,0,0,0,0,0
"calicoed_xuanhanosaurus",1,1,1,0,0,0,0,0,0,0,0,0,0,0,0,0
"corking_indianspinyloach",1,0,0,0,0,0,0,0,0,0,0,0,0,0,0,0
"employable_xenopus",1,1,0,0,1,1,0,0,0,0,0,0,1,1,0,0
"dissentient_thunderbird",1,1,1,1,1,0,0,0,0,0,0,0,0,0,0,0
"paper_weaverbird",1,0,0,0,0,0,0,0,0,0,0,0,0,0,0,0
"anatomical_mare",1,1,0,1,1,0,1,0,0,0,0,0,0,0,0,0
"emancipatory_xerus",0,1,0,0,1,1,1,0,0,0,0,0,0,0,0,0
"undestroyed_grebe",0,1,1,0,1,1,0,1,1,0,0,0,1,1,0,1
"webby_sow",0,1,1,1,1,1,0,0,1,1,1,1,0,0,0,0
"factorable_amurminnow",0,1,0,1,0,1,0,0,0,0,0,0,0,0,0,0
"patriarchic_woollybearcaterpillar",0,1,1,1,1,1,0,1,1,0,1,1,0,0,0,0
"tame_amphibian",0,1,0,1,1,0,0,0,0,0,0,0,0,0,0,0
"mobile_seamonkey",0,1,0,1,1,1,1,1,0,1,1,0,0,1,1,0
"cantankerous_blacklab",0,1,0,0,0,0,0,0,0,0,0,0,0,0,0,0
"pitiful_andeancondor",0,1,1,0,1,1,1,0,1,0,0,0,0,0,0,0
"wrinkleable_irishwaterspaniel",0,1,0,1,0,0,0,0,0,0,0,0,0,0,0,0
"sacrilegious_wyvern",0,1,1,1,1,0,0,0,0,0,0,0,0,0,0,0
"melodious_nauplius",0,1,1,1,0,0,0,0,0,0,0,0,0,0,0,0
"parenthetical_irishredandwhitesetter",0,1,0,0,1,1,0,0,0,0,0,0,0,0,0,0
"amenable_skimmer",0,1,1,1,0,1,1,0,1,1,0,0,1,1,0,0
"sulfuric_herald",0,1,0,1,1,1,1,1,1,0,0,0,0,0,0,0
"cetologic_americanindianhorse",0,1,1,1,1,1,1,0,0,0,1,1,0,0,0,0
"winged_verdin",0,1,0,1,1,0,0,1,0,0,1,1,1,1,1,0
"deceased_blackbuck",0,1,1,0,1,1,0,1,1,0,0,0,1,1,0,0
"stealthless_kinglet",0,1,0,1,1,1,1,1,0,0,1,0,0,0,0,0
"cheap_motmot",0,1,0,0,0,0,0,0,0,0,0,0,0,0,0,0
"sinking_calf",0,1,0,1,1,0,0,0,0,0,0,0,0,0,0,0
"callous_chamois",0,1,1,0,0,0,0,0,0,0,0,0,0,0,0,0
"retaliatory_arrowworm",0,1,0,0,0,0,0,0,0,0,0,0,0,0,0,0
"adrenal_chihuahua",0,1,0,0,0,0,0,0,0,0,0,0,0,0,0,0
"barbarian_coyote",0,1,1,0,0,1,1,0,1,0,0,0,0,0,0,0
"administrative_equestrian",0,1,0,0,0,0,0,0,0,0,0,0,0,0,0,0
"sensualist_booby",0,1,0,1,0,0,0,0,0,0,0,0,0,0,0,0
"peaceable_killerwhale",0,1,1,0,0,0,0,0,0,0,0,0,0,0,0,0
"selfexistent_tigerbeetle",0,1,1,0,1,0,0,0,0,0,0,0,0,0,0,0
"gastrovascular_vulpesvulpes",0,0,1,1,1,1,1,0,0,0,1,0,0,0,0,0
"incapable_manta",0,0,1,1,0,0,1,1,0,0,1,0,1,1,0,1
"contentable_thunderbird",0,0,1,1,0,1,0,0,1,0,1,0,0,0,0,0
"semiparalysis_flyinglemur",0,0,1,0,0,0,0,0,0,0,0,0,0,0,0,0
"controlless_nightcrawler",0,0,1,1,1,0,0,1,0,1,1,1,0,1,0,0
"exact_alaskanhusky",0,0,1,1,1,1,1,0,1,1,0,1,0,0,0,0
"local_monkey",0,0,1,1,0,0,0,0,0,0,0,0,0,0,0,0
"leathery_spider",0,0,1,1,0,1,1,1,0,1,0,0,0,0,0,0
"psychotherapeutic_millipede",0,0,1,0,0,0,0,0,0,0,0,0,0,0,0,0
"venomous_javalina",0,0,1,0,0,0,0,0,0,0,0,0,0,0,0,0
"cursorial_ringworm",0,0,1,0,0,0,0,0,0,0,0,0,0,0,0,0
"fretful_ox",0,0,1,1,1,0,0,0,0,0,0,0,0,0,0,0
"geological_mallard",0,0,1,1,0,0,1,0,1,1,1,0,1,0,1,1
"starstudded_peccary",0,0,1,0,0,0,0,0,0,0,0,0,0,0,0,0
"homebred_icelandichorse",0,0,1,1,1,0,0,0,0,0,0,0,0,0,0,0
"nondemocratical_xantus",0,0,1,1,1,0,0,0,0,0,0,0,0,0,0,0
"gladiatorial_pterodactyls",0,0,1,1,0,0,0,0,0,0,0,0,0,0,0,0
"sticky_zebradove",0,0,1,1,1,0,0,0,0,0,0,0,0,0,0,0
"finical_ivorygull",0,0,1,0,1,0,1,0,0,0,0,0,0,0,0,0
"unluxuriant_virginiaopossum",0,0,1,0,0,0,0,0,0,0,0,0,0,0,0,0
"electrostatic_sambar",0,0,1,1,1,0,0,0,0,0,0,0,0,0,0,0
"cankerous_blacknorwegianelkhound",0,0,1,1,1,1,1,1,0,1,0,0,1,1,1,0
"fluorescent_fantail",0,0,1,1,0,0,1,0,0,0,0,0,0,0,0,0
"colouristic_hyena",0,0,1,0,1,0,1,1,1,0,0,0,0,0,0,0
"stilllife_dassie",0,0,1,0,0,0,0,0,0,0,0,0,0,0,0,0
"celllike_nightheron",0,0,1,0,0,1,0,0,0,0,0,0,0,0,0,0
"minuscular_cats",0,0,0,1,1,0,0,0,0,0,0,0,0,0,0,0
"dendric_irishwaterspaniel",0,0,0,1,0,0,1,0,1,1,0,0,0,0,0,0
"pentagonoid_argali",0,0,0,1,1,0,1,0,1,0,1,0,1,0,0,0
"pedagogish_bighornsheep",0,0,0,1,1,0,0,0,0,0,0,0,0,0,0,0
"ornate_skipper",0,0,0,1,0,1,1,1,0,0,0,0,0,0,0,0
"deflectable_zigzagsalamander",0,0,0,1,1,0,1,0,1,1,1,0,1,1,1,1
"irritated_porpoise",0,0,0,1,0,1,0,0,1,0,1,1,1,0,0,0
"psychasthenic_ant",0,0,0,1,1,1,0,1,0,0,0,0,0,0,0,0
"stable_gemsbok",0,0,0,1,0,0,0,0,0,0,0,0,0,0,0,0
"unamused_chimpanzee",0,0,0,1,1,1,0,1,1,0,0,0,0,0,0,0
"fibrous_shark",0,0,0,1,1,1,1,0,0,0,0,0,0,0,0,0
"uncertain_amberpenshell",0,0,0,1,1,1,0,1,1,1,0,1,0,0,0,0
"homemade_nandine",0,0,0,1,1,0,0,0,0,0,0,0,0,0,0,0
"pseudodivine_mussel",0,0,0,1,1,1,1,0,0,0,0,0,0,0,0,0
"confident_boa",0,0,0,1,0,0,0,0,0,0,0,0,0,0,0,0
"disquieting_buffalo",0,0,0,1,0,1,1,0,0,0,0,0,0,0,0,0
"nonintrospective_goldfish",0,0,0,1,1,1,1,0,0,0,0,0,0,0,0,0
"illgotten_snipe",0,0,0,1,1,1,1,1,1,1,0,1,1,1,1,1
"vanitied_xenopus",0,0,0,1,1,1,1,0,1,1,1,0,1,0,0,0
"sequined_gallinule",0,0,0,1,1,0,0,0,0,0,0,0,0,0,0,0
"unnationalised_avocet",0,0,0,1,0,0,0,0,0,0,0,0,0,0,0,0
"diamantiferous_antbear",0,0,0,1,0,1,0,1,0,1,0,1,1,0,0,1
"comedial_prayingmantid",0,0,0,0,1,1,0,1,1,1,1,1,1,0,1,0
"androphagous_coypu",0,0,0,0,1,0,0,0,0,0,0,0,0,0,0,0
"moneygrubbing_velvetcrab",0,0,0,0,1,0,1,0,0,0,0,0,0,0,0,0
"pseudozoological_avocet",0,0,0,0,1,1,0,1,0,0,0,0,0,0,0,0
"bacteriophobic_scoter",0,0,0,0,1,1,0,0,0,1,0,1,0,0,0,0
"reedy_queensnake",0,0,0,0,1,1,0,0,0,0,0,0,0,0,0,0
"minimal_mouse",0,0,0,0,1,0,1,1,0,0,0,0,0,0,0,0
"mammoth_carpenterant",0,0,0,0,1,0,0,0,0,0,0,0,0,0,0,0
"euphoric_puffin",0,0,0,0,1,0,0,1,0,0,0,0,0,0,0,0
"atrophic_snowgeese",0,0,0,0,1,0,0,1,1,1,1,0,0,0,0,0
"spotty_smew",0,0,0,0,1,1,1,1,0,0,0,0,0,0,0,0
"slim_zenaida",0,0,0,0,1,1,1,1,0,0,0,1,0,0,0,0
"unsuitable_redheadedwoodpecker",0,0,0,0,1,0,0,0,0,0,0,0,0,0,0,0
"curmudgeonly_norwaylobster",0,0,0,0,1,1,0,0,0,0,0,0,0,0,0,0
"juicy_spoonbill",0,0,0,0,1,0,0,0,0,0,0,0,0,0,0,0
"gynephilic_mussel",0,0,0,0,1,0,1,1,0,1,1,0,0,0,0,0
"gorgeous_stinkbug",0,0,0,0,1,1,1,1,0,0,1,0,1,0,0,0
"craniate_cobra",0,0,0,0,1,0,0,1,0,0,0,0,0,0,0,0
"bohrium_booby",0,0,0,0,1,0,0,1,1,0,0,1,0,0,0,0
"surprising_oryx",0,0,0,0,1,1,1,1,0,0,0,1,0,0,0,0
"psychoactive_gallowaycow",0,0,0,0,1,1,1,1,0,0,0,1,1,1,0,0
"wholesome_cicada",0,0,0,0,1,1,0,0,1,0,1,1,1,1,1,0
"antipestilential_auklet",0,0,0,0,1,1,0,1,0,1,1,0,0,0,0,0
"subjective_jaeger",0,0,0,0,1,1,1,1,1,1,0,1,0,0,0,0
"vulcanian_peafowl",0,0,0,0,1,1,1,0,1,1,0,0,0,0,0,0
"telekinetic_elkhound",0,0,0,0,0,1,1,1,1,1,0,0,0,0,0,0
"wellunderstood_spittlebug",0,0,0,0,0,1,0,0,0,0,0,0,0,0,0,0
"puzzling_tuatara",0,0,0,0,0,1,1,0,0,1,0,1,0,1,0,0
"expediential_primate",0,0,0,0,0,1,1,1,1,0,0,0,0,0,0,0
"photographic_wallaroo",0,0,0,0,0,1,0,1,1,0,0,1,0,1,1,0
"subordinate_xrayfish",0,0,0,0,0,1,0,0,1,0,0,1,0,1,0,0
"girlish_amberpenshell",0,0,0,0,0,1,0,0,0,0,0,0,0,0,0,0
"reponsible_andeancockoftherock",0,0,0,0,0,1,1,1,1,1,0,0,0,0,0,0
"frizzy_birdofparadise",0,0,0,0,0,1,0,1,1,1,0,0,0,0,0,0
"incontinuous_bullfrog",0,0,0,0,0,1,1,0,0,1,0,1,1,0,0,0
"statuelike_bunting",0,0,0,0,0,1,1,0,0,1,1,0,1,0,0,1
"captivating_duckbillcat",0,0,0,0,0,1,0,0,0,0,0,0,0,0,0,0
"sandstone_stingray",0,0,0,0,0,1,0,0,0,0,0,0,0,0,0,0
"unsocial_japanesebeetle",0,0,0,0,0,1,0,1,0,1,1,0,0,1,1,1
"flat_kingsnake",0,0,0,0,0,1,1,1,0,0,0,0,0,0,0,0
"baccivorous_ewe",0,0,0,0,0,1,1,1,0,1,1,1,1,0,0,0
"nutritional_avocet",0,0,0,0,0,1,0,0,1,0,1,1,1,0,1,0
"unidentified_urva",0,0,0,0,0,1,1,1,0,0,1,1,0,0,0,0
"ashen_nandine",0,0,0,0,0,1,0,1,1,0,1,1,0,1,0,0
"digestional_loggerheadturtle",0,0,0,0,0,1,0,0,0,0,0,0,0,0,0,0
"stunty_inganue",0,0,0,0,0,1,0,0,1,1,1,0,1,1,0,1
"choleric_flickertailsquirrel",0,0,0,0,0,1,1,1,1,1,0,1,1,0,0,0
"flamboyant_barnacle",0,0,0,0,0,1,0,0,1,0,1,1,0,0,1,0
"unarithmetical_seahorse",0,0,0,0,0,1,0,0,0,0,0,0,0,0,0,0
"deprecatory_archaeocete",0,0,0,0,0,1,1,1,0,0,0,0,0,0,0,0
"trimetallic_python",0,0,0,0,0,0,1,1,0,0,0,0,0,0,0,0
"declarative_ovenbird",0,0,0,0,0,0,1,0,0,0,0,0,0,0,0,0
"dolostone_maggot",0,0,0,0,0,0,1,1,0,0,0,0,0,0,0,0
"mighty_mantid",0,0,0,0,0,0,1,1,1,1,0,0,0,0,0,0
"stunty_nubiangoat",0,0,0,0,0,0,1,1,0,0,0,0,0,0,0,0
"asphyxiated_alaskankleekai",0,0,0,0,0,0,1,1,1,0,0,1,1,1,1,1
"covetable_walkingstick",0,0,0,0,0,0,1,1,1,0,0,0,0,0,0,0
"humiliated_icelandicsheepdog",0,0,0,0,0,0,1,1,1,1,1,1,0,0,0,0
"roentgenium_cur",0,0,0,0,0,0,1,1,1,1,1,0,0,0,0,0
"uniliteral_americanrobin",0,0,0,0,0,0,1,1,0,1,1,1,1,0,1,0
"nonpsychoanalytical_asianporcupine",0,0,0,0,0,0,1,0,1,0,0,0,0,0,0,0
"sloppy_pacificparrotlet",0,0,0,0,0,0,1,1,0,1,0,1,0,0,1,1
"dialectical_cardinal",0,0,0,0,0,0,1,1,1,1,0,0,0,0,0,0
"pleasant_ibizanhound",0,0,0,0,0,0,1,0,0,1,1,1,0,0,0,0
"feudalist_eeve",0,0,0,0,0,0,1,0,1,0,0,0,0,0,0,0
"portly_marlin",0,0,0,0,0,0,1,0,1,1,0,1,1,1,1,0
"gullible_germanshorthairedpointer",0,0,0,0,0,0,1,0,1,1,0,0,0,0,0,0
"adventuresome_whitetaileddeer",0,0,0,0,0,0,1,1,1,1,1,0,0,0,0,0
"sinless_archerfish",0,0,0,0,0,0,1,0,0,0,0,0,0,0,0,0
"paediatric_barnacle",0,0,0,0,0,0,1,0,0,0,0,0,0,0,0,0
"extreme_ptarmigan",0,0,0,0,0,0,1,0,1,1,1,1,1,0,0,0
"jeanlike_leopard",0,0,0,0,0,0,1,0,0,0,1,1,0,0,0,0
"sentimental_whapuku",0,0,0,0,0,0,1,0,1,1,0,0,0,0,0,0
"steep_verdin",0,0,0,0,0,0,1,0,0,0,0,0,0,0,0,0
"decipherable_duckbillplatypus",0,0,0,0,0,0,1,1,1,1,0,0,0,0,0,0
"nontheologic_hackee",0,0,0,0,0,0,1,0,0,0,0,0,0,0,0,0
"feldspar_bobcat",0,0,0,0,0,0,1,1,0,0,0,0,0,0,0,0
"paleobiological_hairstreakbutterfly",0,0,0,0,0,0,1,0,0,1,0,1,0,1,0,0
"promethean_racerunner",0,0,0,0,0,0,1,0,0,0,0,0,0,0,0,0
"undamaging_blackwidowspider",0,0,0,0,0,0,1,1,0,1,1,0,0,0,0,0
"scribblenautilogical_americanredsquirrel",0,0,0,0,0,0,1,1,1,1,0,0,0,0,0,0
"longterm_conure",0,0,0,0,0,0,1,0,1,1,0,1,1,0,0,0
"superstylish_eastrussiancoursinghounds",0,0,0,0,0,0,1,0,1,0,0,0,0,0,0,0
"readaptable_liger",0,0,0,0,0,0,1,0,1,0,0,0,0,0,0,0
"controvertible_flea",0,0,0,0,0,0,1,0,0,0,0,0,0,0,0,0
"transoceanic_amoeba",0,0,0,0,0,0,0,1,0,0,0,0,0,0,0,0
"decontaminative_rhinoceros",0,0,0,0,0,0,0,1,0,0,0,0,0,0,0,0
"quasiexistent_harvestmouse",0,0,0,0,0,0,0,1,0,0,0,0,0,0,0,0
"antihuman_ghostshrimp",0,0,0,0,0,0,0,1,0,0,0,1,1,0,0,0
"sandstone_solitaire",0,0,0,0,0,0,0,1,1,0,1,0,0,0,0,0
"excessive_siberiantiger",0,0,0,0,0,0,0,1,1,0,0,1,1,1,1,0
"preshrunk_virginiaopossum",0,0,0,0,0,0,0,1,0,0,0,0,0,0,0,0
"dilapidated_urson",0,0,0,0,0,0,0,1,1,1,0,0,0,0,0,0
"beaten_imperialeagle",0,0,0,0,0,0,0,1,0,1,0,0,0,0,0,0
"superior_shelduck",0,0,0,0,0,0,0,1,1,0,0,1,0,0,0,0
"spiritless_primate",0,0,0,0,0,0,0,1,0,0,0,0,0,0,0,0
"demonic_diamondbackrattlesnake",0,0,0,0,0,0,0,1,0,0,0,0,0,0,0,0
"disembodied_irrawaddydolphin",0,0,0,0,0,0,0,1,1,1,0,0,0,0,0,0
"rightwing_iberianlynx",0,0,0,0,0,0,0,1,1,1,0,0,0,0,0,0
"radiophobic_moth",0,0,0,0,0,0,0,1,1,0,1,1,1,0,0,1
"configurative_nene",0,0,0,0,0,0,0,1,1,0,0,0,0,0,0,0
"receivable_astarte",0,0,0,0,0,0,0,1,0,0,0,0,0,0,0,0
"national_urson",0,0,0,0,0,0,0,1,1,0,0,0,0,0,0,0
"middleclass_honeyeater",0,0,0,0,0,0,0,1,0,0,0,0,0,0,0,0
"apocalyptic_boa",0,0,0,0,0,0,0,1,1,0,0,0,1,0,1,0
"suave_jenny",0,0,0,0,0,0,0,1,0,1,0,1,1,0,1,1
"feather_sow",0,0,0,0,0,0,0,1,1,1,0,0,0,0,0,0
"consumptive_americancrow",0,0,0,0,0,0,0,1,1,0,0,0,0,0,0,0
"brutish_wolfspider",0,0,0,0,0,0,0,1,1,0,1,1,1,1,0,0
"premonarchal_bluemorphobutterfly",0,0,0,0,0,0,0,1,1,1,1,0,0,0,0,0
"limitless_iridescentshark",0,0,0,0,0,0,0,1,0,0,0,0,0,0,0,0
"shameless_arcticduck",0,0,0,0,0,0,0,1,1,0,0,0,0,0,0,0
"minimal_zebu",0,0,0,0,0,0,0,1,0,1,0,1,1,0,1,0
"glossy_urus",0,0,0,0,0,0,0,0,1,1,1,0,1,1,1,1
"unnational_indiancow",0,0,0,0,0,0,0,0,1,0,0,0,0,0,0,0
"reincarnated_salamander",0,0,0,0,0,0,0,0,1,0,1,0,0,1,1,0
"lustered_dobermanpinscher",0,0,0,0,0,0,0,0,1,0,0,0,0,0,0,0
"caustic_foal",0,0,0,0,0,0,0,0,1,0,0,0,0,0,0,0
"selfevolved_blacklab",0,0,0,0,0,0,0,0,1,1,1,1,0,0,1,0
"imaginative_bichonfrise",0,0,0,0,0,0,0,0,1,0,0,0,0,0,0,0
"versicolor_snowdog",0,0,0,0,0,0,0,0,1,0,0,0,0,0,0,0
"quenching_caimanlizard",0,0,0,0,0,0,0,0,1,0,0,0,0,0,0,0
"insidious_hog",0,0,0,0,0,0,0,0,1,0,1,1,0,1,0,0
"undead_stallion",0,0,0,0,0,0,0,0,1,1,1,1,1,0,1,1
"genetic_sloth",0,0,0,0,0,0,0,0,1,0,0,0,0,0,0,0
"scrumptious_serpent",0,0,0,0,0,0,0,0,1,0,0,0,0,0,0,0
"citatory_gyrfalcon",0,0,0,0,0,0,0,0,1,1,0,1,0,0,0,0
"essential_rainbowtrout",0,0,0,0,0,0,0,0,1,1,0,0,0,0,0,0
"faithful_xuanhuaceratops",0,0,0,0,0,0,0,0,1,0,0,0,0,0,0,0
"uncontradictory_japanesebeetle",0,0,0,0,0,0,0,0,1,0,0,0,0,0,0,0
"simplehearted_langur",0,0,0,0,0,0,0,0,1,1,0,1,1,1,0,0
"moleskin_peregrinefalcon",0,0,0,0,0,0,0,0,1,0,0,0,0,0,0,0
"deflectable_bellfrog",0,0,0,0,0,0,0,0,1,1,0,1,1,1,1,0
"splendid_nightingale",0,0,0,0,0,0,0,0,1,0,1,0,0,0,1,1
"chiropterophilic_chicken",0,0,0,0,0,0,0,0,1,0,0,0,0,0,0,0
"stubborn_limpet",0,0,0,0,0,0,0,0,1,1,1,0,0,0,0,0
"overzealous_manta",0,0,0,0,0,0,0,0,1,0,0,1,1,0,0,0
"wellpleased_metalmarkbutterfly",0,0,0,0,0,0,0,0,1,0,1,0,0,0,0,0
"affectionate_viceroybutterfly",0,0,0,0,0,0,0,0,1,0,0,0,0,0,0,0
"condensed_xuanhuasaurus",0,0,0,0,0,0,0,0,0,1,1,1,1,1,0,0
"round_gopher",0,0,0,0,0,0,0,0,0,1,1,1,1,1,0,1
"ardent_borderterrier",0,0,0,0,0,0,0,0,0,1,1,0,0,0,0,0
"lighthearted_macaw",0,0,0,0,0,0,0,0,0,1,0,1,1,0,1,1
"citeable_dogwoodtwigborer",0,0,0,0,0,0,0,0,0,1,0,1,1,0,1,1
"androgenous_arabianhorse",0,0,0,0,0,0,0,0,0,1,0,0,1,0,0,0
"valuable_gnu",0,0,0,0,0,0,0,0,0,1,1,0,0,0,1,0
"restoring_platypus",0,0,0,0,0,0,0,0,0,1,0,0,1,0,1,0
"freethinking_blacklab",0,0,0,0,0,0,0,0,0,1,1,1,1,0,0,0
"glacial_poodle",0,0,0,0,0,0,0,0,0,1,1,1,1,0,1,0
"osmophobic_redstart",0,0,0,0,0,0,0,0,0,1,1,0,0,0,0,0
"matronal_arabianhorse",0,0,0,0,0,0,0,0,0,1,0,1,0,0,0,0
"overweight_bats",0,0,0,0,0,0,0,0,0,1,1,1,0,0,1,0
"subtransparent_gibbon",0,0,0,0,0,0,0,0,0,1,1,0,0,0,0,0
"bellicose_bubblefish",0,0,0,0,0,0,0,0,0,1,1,0,1,0,0,0
"confineable_unicorn",0,0,0,0,0,0,0,0,0,1,0,0,0,0,0,0
"nonsolicitous_hochstettersfrog",0,0,0,0,0,0,0,0,0,1,1,1,0,0,0,0
"masculine_azurevase",0,0,0,0,0,0,0,0,0,1,0,0,0,0,0,0
"offcolour_morpho",0,0,0,0,0,0,0,0,0,1,1,1,1,0,1,0
"touristy_gallinule",0,0,0,0,0,0,0,0,0,1,0,0,0,0,0,0
"subsonic_blacklemur",0,0,0,0,0,0,0,0,0,1,1,1,0,0,0,0
"fractious_smew",0,0,0,0,0,0,0,0,0,1,0,1,0,0,0,0
"moody_pikeperch",0,0,0,0,0,0,0,0,0,1,1,1,0,0,0,0
"dodecagonal_urchin",0,0,0,0,0,0,0,0,0,1,1,0,0,1,0,0
"revisitable_trumpeterswan",0,0,0,0,0,0,0,0,0,1,1,1,0,1,0,0
"devoid_eagle",0,0,0,0,0,0,0,0,0,1,0,0,0,0,0,0
"ostentatious_arawana",0,0,0,0,0,0,0,0,0,1,1,0,0,0,0,0
"annihilated_polliwog",0,0,0,0,0,0,0,0,0,1,1,0,1,1,1,0
"antimonarchal_porpoise",0,0,0,0,0,0,0,0,0,1,0,0,1,0,0,0
"irradiated_blesbok",0,0,0,0,0,0,0,0,0,1,1,1,0,0,0,1
"lucid_cottonmouth",0,0,0,0,0,0,0,0,0,1,1,0,0,0,0,0
"unemotional_oxpecker",0,0,0,0,0,0,0,0,0,1,0,0,0,0,0,0
"distinguishing_deinonychus",0,0,0,0,0,0,0,0,0,1,0,0,1,0,0,0
"pseudopolitical_fennecfox",0,0,0,0,0,0,0,0,0,1,0,0,1,0,1,1
"skyblue_xuanhanosaurus",0,0,0,0,0,0,0,0,0,1,1,0,0,0,0,0
"icosahedral_africanhornbill",0,0,0,0,0,0,0,0,0,1,1,1,1,0,1,0
"faithless_pelicinuspetrel",0,0,0,0,0,0,0,0,0,0,1,1,0,1,1,0
"phobic_lacewing",0,0,0,0,0,0,0,0,0,0,1,1,1,0,1,0
"irrationalist_flyingfish",0,0,0,0,0,0,0,0,0,0,1,1,0,0,0,0
"groundable_fireant",0,0,0,0,0,0,0,0,0,0,1,0,0,0,0,0
"ironbound_krill",0,0,0,0,0,0,0,0,0,0,1,0,1,0,0,0
"delusional_alaskankleekai",0,0,0,0,0,0,0,0,0,0,1,0,0,0,0,0
"padparadscha_kinkajou",0,0,0,0,0,0,0,0,0,0,1,1,1,0,0,0
"filterable_ayeaye",0,0,0,0,0,0,0,0,0,0,1,1,0,0,0,0
"great_fishingcat",0,0,0,0,0,0,0,0,0,0,1,1,0,0,0,0
"mousey_python",0,0,0,0,0,0,0,0,0,0,1,0,0,0,0,0
"fibre_juliabutterfly",0,0,0,0,0,0,0,0,0,0,1,1,1,0,0,0
"succinct_prayingmantid",0,0,0,0,0,0,0,0,0,0,1,1,1,1,0,0
"bratty_snipe",0,0,0,0,0,0,0,0,0,0,1,1,0,1,1,1
"gastronomical_globefish",0,0,0,0,0,0,0,0,0,0,1,1,0,0,0,0
"compulsory_chinesecrocodilelizard",0,0,0,0,0,0,0,0,0,0,1,1,0,1,1,0
"dozing_upupa",0,0,0,0,0,0,0,0,0,0,1,1,1,0,0,1
"unartistic_turaco",0,0,0,0,0,0,0,0,0,0,1,0,1,1,0,0
"artificial_africanporcupine",0,0,0,0,0,0,0,0,0,0,1,1,1,0,0,1
"serious_widgeon",0,0,0,0,0,0,0,0,0,0,0,1,0,0,0,1
"camlet_uakari",0,0,0,0,0,0,0,0,0,0,0,1,0,0,0,0
"tapestried_northernelephantseal",0,0,0,0,0,0,0,0,0,0,0,1,1,0,1,1
"dermographic_mustang",0,0,0,0,0,0,0,0,0,0,0,1,1,1,1,0
"precranial_bluebottlejellyfish",0,0,0,0,0,0,0,0,0,0,0,1,1,0,0,0
"dazzling_aquaticleech",0,0,0,0,0,0,0,0,0,0,0,1,0,0,0,0
"islandlike_labradorretriever",0,0,0,0,0,0,0,0,0,0,0,1,0,0,0,0
"goodtempered_marmoset",0,0,0,0,0,0,0,0,0,0,0,1,0,1,1,1
"unethical_shearwater",0,0,0,0,0,0,0,0,0,0,0,1,0,0,0,0
"shimmery_pupfish",0,0,0,0,0,0,0,0,0,0,0,1,1,0,0,1
"equilateral_azurevasesponge",0,0,0,0,0,0,0,0,0,0,0,1,1,0,1,1
"tzarist_spittlebug",0,0,0,0,0,0,0,0,0,0,0,1,0,0,0,0
"capitalistic_springtail",0,0,0,0,0,0,0,0,0,0,0,1,1,0,1,0
"plushed_kitten",0,0,0,0,0,0,0,0,0,0,0,1,1,0,0,0
"legal_seahog",0,0,0,0,0,0,0,0,0,0,0,1,1,1,0,0
"disquieting_imago",0,0,0,0,0,0,0,0,0,0,0,1,0,0,0,0
"regardable_beagle",0,0,0,0,0,0,0,0,0,0,0,1,1,1,1,0
"gastroscopic_antarcticfurseal",0,0,0,0,0,0,0,0,0,0,0,1,0,0,0,0
"antiscience_rainbowlorikeet",0,0,0,0,0,0,0,0,0,0,0,1,0,1,0,0
"castiron_hoiho",0,0,0,0,0,0,0,0,0,0,0,1,1,1,1,0
"loved_esok",0,0,0,0,0,0,0,0,0,0,0,1,0,0,0,0
"snide_nightcrawler",0,0,0,0,0,0,0,0,0,0,0,1,1,0,0,0
"venturesome_hind",0,0,0,0,0,0,0,0,0,0,0,1,1,1,0,1
"vulgar_thrip",0,0,0,0,0,0,0,0,0,0,0,1,1,0,1,1
"kneedeep_mallard",0,0,0,0,0,0,0,0,0,0,0,1,1,1,0,0
"curved_parrot",0,0,0,0,0,0,0,0,0,0,0,1,1,0,1,0
"queenly_bassethound",0,0,0,0,0,0,0,0,0,0,0,1,1,0,0,0
"explainable_kawala",0,0,0,0,0,0,0,0,0,0,0,1,1,0,1,1
"uncontrollable_rainbowlorikeet",0,0,0,0,0,0,0,0,0,0,0,1,0,0,0,0
"droughty_calf",0,0,0,0,0,0,0,0,0,0,0,1,1,1,1,1
"diminutive_zebradove",0,0,0,0,0,0,0,0,0,0,0,1,1,1,0,0
"tangled_ling",0,0,0,0,0,0,0,0,0,0,0,1,1,1,1,1
"custodial_kudu",0,0,0,0,0,0,0,0,0,0,0,1,1,0,0,0
"flavourful_baboon",0,0,0,0,0,0,0,0,0,0,0,1,0,1,0,0
"shiftable_stegosaurus",0,0,0,0,0,0,0,0,0,0,0,0,1,1,1,0
"theophilic_limpet",0,0,0,0,0,0,0,0,0,0,0,0,1,1,1,0
"moony_junco",0,0,0,0,0,0,0,0,0,0,0,0,1,1,0,0
"clownish_oxpecker",0,0,0,0,0,0,0,0,0,0,0,0,1,0,0,0
"antebellum_velvetworm",0,0,0,0,0,0,0,0,0,0,0,0,1,1,1,0
"unwise_flatfish",0,0,0,0,0,0,0,0,0,0,0,0,1,0,1,0
"minor_turkey",0,0,0,0,0,0,0,0,0,0,0,0,1,0,0,1
"detractive_astarte",0,0,0,0,0,0,0,0,0,0,0,0,1,1,0,1
"myrmecophagous_deviltasmanian",0,0,0,0,0,0,0,0,0,0,0,0,1,1,1,1
"wrapped_mamba",0,0,0,0,0,0,0,0,0,0,0,0,1,0,0,0
"clamlike_warbler",0,0,0,0,0,0,0,0,0,0,0,0,1,0,0,1
"poisonous_hermitcrab",0,0,0,0,0,0,0,0,0,0,0,0,1,0,0,0
"econometrical_snowleopard",0,0,0,0,0,0,0,0,0,0,0,0,1,1,0,0
"uncalorific_xoni",0,0,0,0,0,0,0,0,0,0,0,0,1,0,1,0
"aggressive_globefish",0,0,0,0,0,0,0,0,0,0,0,0,1,1,0,0
"spiritless_merganser",0,0,0,0,0,0,0,0,0,0,0,0,1,0,1,1
"filmable_paca",0,0,0,0,0,0,0,0,0,0,0,0,1,1,1,0
"selfsatisfied_cockatoo",0,0,0,0,0,0,0,0,0,0,0,0,1,0,0,1
"sporty_civet",0,0,0,0,0,0,0,0,0,0,0,0,1,1,1,0
"elevated_kouprey",0,0,0,0,0,0,0,0,0,0,0,0,1,1,1,0
"motionless_attwatersprairiechicken",0,0,0,0,0,0,0,0,0,0,0,0,1,1,0,0
"uppity_freshwatereel",0,0,0,0,0,0,0,0,0,0,0,0,1,1,1,1
"ammonitoid_oyster",0,0,0,0,0,0,0,0,0,0,0,0,1,0,0,0
"iconic_bustard",0,0,0,0,0,0,0,0,0,0,0,0,1,0,0,0
"foggyish_guineafowl",0,0,0,0,0,0,0,0,0,0,0,0,1,0,0,0
"extragalactic_heterodontosaurus",0,0,0,0,0,0,0,0,0,0,0,0,1,0,1,0
"quasiconservative_fennecfox",0,0,0,0,0,0,0,0,0,0,0,0,1,0,0,0
"sentient_butterfly",0,0,0,0,0,0,0,0,0,0,0,0,1,0,0,0
"blowsy_pufferfish",0,0,0,0,0,0,0,0,0,0,0,0,1,1,1,0
"civilized_whitebeakeddolphin",0,0,0,0,0,0,0,0,0,0,0,0,0,1,0,0
"putrid_nandu",0,0,0,0,0,0,0,0,0,0,0,0,0,1,1,0
"parapsychological_bighorn",0,0,0,0,0,0,0,0,0,0,0,0,0,1,1,0
"correctable_wyvern",0,0,0,0,0,0,0,0,0,0,0,0,0,1,0,1
"matriarchic_drake",0,0,0,0,0,0,0,0,0,0,0,0,0,1,0,1
"subtrapezoidal_tigershark",0,0,0,0,0,0,0,0,0,0,0,0,0,1,0,1
"anthropoid_sardine",0,0,0,0,0,0,0,0,0,0,0,0,0,1,1,0
"victorious_spadefoot",0,0,0,0,0,0,0,0,0,0,0,0,0,1,0,1
"quilted_bullfrog",0,0,0,0,0,0,0,0,0,0,0,0,0,1,0,1
"sonic_eagle",0,0,0,0,0,0,0,0,0,0,0,0,0,1,1,0
"allegro_adamsstaghornedbeetle",0,0,0,0,0,0,0,0,0,0,0,0,0,1,0,0
"hollowhearted_fantail",0,0,0,0,0,0,0,0,0,0,0,0,0,1,0,0
"unkempt_plainsqueaker",0,0,0,0,0,0,0,0,0,0,0,0,0,1,1,0
"phlogopite_bilby",0,0,0,0,0,0,0,0,0,0,0,0,0,1,1,1
"upperclass_scallop",0,0,0,0,0,0,0,0,0,0,0,0,0,1,0,0
"legible_sora",0,0,0,0,0,0,0,0,0,0,0,0,0,1,0,0
"uninspired_mudpuppy",0,0,0,0,0,0,0,0,0,0,0,0,0,1,0,0
"maimouphilic_arieltoucan",0,0,0,0,0,0,0,0,0,0,0,0,0,1,1,0
"dragonlike_pekingese",0,0,0,0,0,0,0,0,0,0,0,0,0,1,0,1
"fungous_icelandicsheepdog",0,0,0,0,0,0,0,0,0,0,0,0,0,1,1,0
"combustive_americanindianhorse",0,0,0,0,0,0,0,0,0,0,0,0,0,1,0,1
"castiron_tapir",0,0,0,0,0,0,0,0,0,0,0,0,0,1,0,1
"comparable_iguana",0,0,0,0,0,0,0,0,0,0,0,0,0,1,1,1
"cacotopic_alligatorsnappingturtle",0,0,0,0,0,0,0,0,0,0,0,0,0,1,0,0
"superspiritual_chimpanzee",0,0,0,0,0,0,0,0,0,0,0,0,0,1,1,0
"hilarious_moorhen",0,0,0,0,0,0,0,0,0,0,0,0,0,1,0,0
"selfexistent_belugawhale",0,0,0,0,0,0,0,0,0,0,0,0,0,0,1,0
"photoluminescent_smelts",0,0,0,0,0,0,0,0,0,0,0,0,0,0,1,1
"pseudopriestly_kusimanse",0,0,0,0,0,0,0,0,0,0,0,0,0,0,1,1
"vegan_dwarfrabbit",0,0,0,0,0,0,0,0,0,0,0,0,0,0,1,1
"psychoanalytic_gemsbok",0,0,0,0,0,0,0,0,0,0,0,0,0,0,1,1
"isoceles_africanwilddog",0,0,0,0,0,0,0,0,0,0,0,0,0,0,1,1
"leisurable_redpoll",0,0,0,0,0,0,0,0,0,0,0,0,0,0,1,1
"tireless_flamingo",0,0,0,0,0,0,0,0,0,0,0,0,0,0,1,1
"perseverant_fieldmouse",0,0,0,0,0,0,0,0,0,0,0,0,0,0,1,0
"antimonarchical_zeren",0,0,0,0,0,0,0,0,0,0,0,0,0,0,1,1
"hexametric_guppy",0,0,0,0,0,0,0,0,0,0,0,0,0,0,1,0
"doglike_kawala",0,0,0,0,0,0,0,0,0,0,0,0,0,0,1,1
"blessed_dungbeetle",0,0,0,0,0,0,0,0,0,0,0,0,0,0,1,1
"vague_ekaltadeta",0,0,0,0,0,0,0,0,0,0,0,0,0,0,1,1
"clumpy_herring",0,0,0,0,0,0,0,0,0,0,0,0,0,0,1,0
"dependable_umbrette",0,0,0,0,0,0,0,0,0,0,0,0,0,0,1,0
"conservable_europeanpolecat",0,0,0,0,0,0,0,0,0,0,0,0,0,0,1,1
"selfvulcanising_tadpole",0,0,0,0,0,0,0,0,0,0,0,0,0,0,1,1
"apothecial_dutchsmoushond",0,0,0,0,0,0,0,0,0,0,0,0,0,0,1,1
"feathered_irishdraughthorse",0,0,0,0,0,0,0,0,0,0,0,0,0,0,1,0
"sphalerite_caimanlizard",0,0,0,0,0,0,0,0,0,0,0,0,0,0,1,1
